ID,DATASET,curated_smiles,HBD,HBA,MolWt,LogP,TPSA,NumRotatableBonds,NumOxygens,NumNitrogens
DiaNatDB-1,DiaNat-DB,O=C(O)C1=C[C@@H](O)[C@@H](O)[C@H](O)C1,4.0,4.0,174.152,-1.5162000000000004,97.99000000000001,1.0,0.0,0.0
DiaNatDB-10,DiaNat-DB,C=C(C)[C@@H]1CC[C@]2(C)CC[C@]3(C)[C@H](CC[C@@H]4[C@@]5(C)CC[C@H](O)C(C)(C)[C@@H]5CC[C@]43C)[C@@H]12,1.0,1.0,426.72900000000027,8.02480000000001,20.23,1.0,0.0,0.0
DiaNatDB-100,DiaNat-DB,C=C(CC[C@@H](C)[C@H]1CC[C@@]2(C)C3CC[C@H]4C(C)(C)[C@@H](O)CC[C@@]45C[C@@]35CC[C@]12C)C(C)C,1.0,1.0,440.7560000000003,8.414900000000006,20.23,5.0,0.0,0.0
DiaNatDB-101,DiaNat-DB,Cc1ccc2c(c1)C(=O)CCO2,0.0,2.0,162.18799999999996,1.9602199999999999,26.3,0.0,0.0,0.0
DiaNatDB-102,DiaNat-DB,CC(=O)c1ccccc1,0.0,1.0,120.15099999999995,1.8892,17.07,1.0,0.0,0.0
DiaNatDB-103,DiaNat-DB,C=C(C)C(O)Cc1c(O)c(C(=O)C(C)CC)c(O)c2c1oc1c(C(=O)C(C)CC)c(O)c(CC=C(C)C)c(O)c12,5.0,8.0,552.6640000000004,6.8542000000000085,148.42999999999998,11.0,0.0,0.0
DiaNatDB-104,DiaNat-DB,COC(=O)C1=CO[C@@H](C)[C@H]2CN3CCc4c([nH]c5ccccc45)[C@@H]3C[C@H]12,1.0,4.0,352.434,3.1788000000000016,54.56,1.0,0.0,0.0
DiaNatDB-105,DiaNat-DB,CCC1C2CC3C4N(C)c5ccccc5C45CC(C2C5O)N3C1O,2.0,4.0,326.44,1.5545,46.94,1.0,0.0,0.0
DiaNatDB-106,DiaNat-DB,C=CCS[S+]([O-])CC=C,0.0,2.0,162.27899999999997,1.7553,23.06,5.0,0.0,0.0
DiaNatDB-107,DiaNat-DB,OC[C@H]1N[C@H](CO)[C@@H](O)C(O)[C@H]1O,6.0,6.0,193.199,-3.6058999999999988,113.18,2.0,0.0,0.0
DiaNatDB-108,DiaNat-DB,C=C1CCC2C(C)(CO)C(O)CC[C@@]2(C)[C@@H]1C/C=C1/C(=O)OCC1O,3.0,5.0,350.4550000000001,1.9625999999999997,86.99000000000001,3.0,0.0,0.0
DiaNatDB-109,DiaNat-DB,COC(=O)C1=CCCN(C)C1,0.0,3.0,155.197,0.4213,29.54,1.0,0.0,0.0
DiaNatDB-11,DiaNat-DB,CC1=CC(=O)C(C(C)C)=CC1=O,0.0,2.0,164.20399999999998,1.6669,34.14,1.0,0.0,0.0
DiaNatDB-110,DiaNat-DB,C=C[C@@](C)(/C=C/c1ccc(O)cc1)CCC=C(C)C,1.0,1.0,256.38899999999995,5.344100000000004,20.23,6.0,0.0,0.0
DiaNatDB-111,DiaNat-DB,CC1(C)CC[C@]2(C(=O)O)CC[C@]3(C)C(=CC[C@@H]4[C@@]5(C)C[C@H](O)[C@H](O)[C@@](C)(CO)C5=CC[C@]43C)[C@@H]2C1,4.0,4.0,486.69300000000027,5.096900000000005,97.99000000000001,2.0,0.0,0.0
DiaNatDB-112,DiaNat-DB,COc1cc(O)c2c(=O)c3c(O)ccc(O)c3oc2c1,3.0,6.0,274.228,2.071600000000001,100.13000000000001,1.0,0.0,0.0
DiaNatDB-113,DiaNat-DB,COc1c(O)cc2c(c1O)[C@@H]1O[C@H](CO)[C@@H](O)[C@H](O)[C@H]1OC2=O,5.0,9.0,328.2730000000001,-1.2006000000000006,145.91,2.0,0.0,0.0
DiaNatDB-114,DiaNat-DB,CC[C@H](CC[C@@H](C)[C@H]1CC[C@H]2[C@@H]3CC=C4C[C@@H](O)CC[C@]4(C)[C@H]3CC[C@]12C)C(C)C,1.0,1.0,414.7180000000003,8.02480000000001,20.23,6.0,0.0,0.0
DiaNatDB-115,DiaNat-DB,CC1(C)CC[C@]2(C(=O)O)CC[C@]3(C)C(=CC[C@@H]4[C@@]5(C)CC[C@H](O[C@@H]6O[C@H](C(=O)O)[C@H]7O[C@@](O)(C(=O)O)C(OCC(=O)O)O[C@@H]7[C@H]6O)C(C)(C)C5CC[C@]43C)[C@@H]2C1,6.0,11.0,792.916,4.412800000000004,235.80999999999997,8.0,0.0,0.0
DiaNatDB-116,DiaNat-DB,O=C(O)[C@H]1O[C@@H](Oc2cc3oc(-c4ccc(O)cc4)cc(=O)c3c(O)c2O)[C@H](O)[C@@H](O)[C@@H]1O,7.0,11.0,462.36300000000017,-0.15220000000000056,207.35,4.0,0.0,0.0
DiaNatDB-117,DiaNat-DB,O=C(O)/C=C/c1ccc(O)c(O)c1,3.0,3.0,180.159,1.1956,77.76,2.0,0.0,0.0
DiaNatDB-118,DiaNat-DB,COc1cc(CNC(=O)CCCC/C=C/C(C)C)ccc1O,2.0,3.0,305.418,3.789600000000003,58.56,9.0,0.0,0.0
DiaNatDB-119,DiaNat-DB,C=C(C)C1CC=C(C)C(=O)C1,0.0,1.0,150.22099999999998,2.4879000000000007,17.07,1.0,0.0,0.0
DiaNatDB-120,DiaNat-DB,O[C@H]1[C@H](O)[C@@H](O)CN2CC[C@H](O)[C@H]12,4.0,5.0,189.21099999999998,-2.482099999999999,84.16,0.0,0.0,0.0
DiaNatDB-121,DiaNat-DB,CC(O)(CC(=O)O)CC(=O)OCC1O[C@@H](Oc2cc(O)c3c(=O)cc(-c4ccc(O)cc4)oc3c2)C(O)[C@@H](O)[C@@H]1O,7.0,13.0,576.5070000000004,0.21659999999999957,233.64999999999995,9.0,0.0,0.0
DiaNatDB-122,DiaNat-DB,O=C1C[C@H](c2ccc(O)c(O)c2)c2c(cc(O)c3c2O[C@H](c2ccc(O)c(O)c2)[C@H](O)C3)O1,6.0,9.0,452.4150000000002,2.692700000000003,156.91,2.0,0.0,0.0
DiaNatDB-123,DiaNat-DB,O=c1ccc2ccccc2o1,0.0,2.0,146.14499999999998,1.793,30.21,0.0,0.0,0.0
DiaNatDB-124,DiaNat-DB,Cn1c2c3ccccc3nc-2cc2ccccc21,0.0,2.0,232.28599999999997,3.8313000000000024,17.82,0.0,0.0,0.0
DiaNatDB-125,DiaNat-DB,CC(C)CCCC(C)C1CCC2(C)C3CCC4C(C)(C)C(O)CCC45CC35CCC12C,1.0,1.0,428.7450000000003,8.248800000000008,20.23,5.0,0.0,0.0
DiaNatDB-126,DiaNat-DB,OC1C(O)C(O)C(O)C(O)C1O,6.0,6.0,180.156,-3.8346000000000005,121.38000000000001,0.0,0.0,0.0
DiaNatDB-127,DiaNat-DB,CC1O[C@@H](Oc2c(-c3cc(O)c(O)c(O)c3)oc3cc(O)cc(O)c3c2=O)[C@@H](OC(=O)c2cc(O)c(O)c(O)c2)C(O)[C@H]1O,10.0,16.0,616.4840000000005,1.1758000000000013,277.27,5.0,0.0,0.0
DiaNatDB-128,DiaNat-DB,COC1[C@@H](O)[C@@H](O)C(O)[C@H](O)[C@H]1O,5.0,6.0,194.18300000000002,-3.1805,110.38000000000001,1.0,0.0,0.0
DiaNatDB-129,DiaNat-DB,Oc1cc(O)c2c(c1)O[C@H](c1cc(O)c(O)c(O)c1)[C@H](O)C2,6.0,7.0,306.27000000000004,1.2517,130.61,1.0,0.0,0.0
DiaNatDB-13,DiaNat-DB,O=c1cc(-c2ccc(O)c(O)c2)oc2cc(O)cc(O)c12,4.0,6.0,286.23900000000003,2.2824000000000004,111.13000000000001,1.0,0.0,0.0
DiaNatDB-130,DiaNat-DB,O=C(O[C@@H]1Cc2c(O)cc(O)cc2O[C@@H]1c1cc(O)c(O)c(O)c1)c1cc(O)c(O)c(O)c1,8.0,11.0,458.37500000000017,2.233199999999999,197.36999999999998,3.0,0.0,0.0
DiaNatDB-131,DiaNat-DB,C=C1CC[C@H]2C(C)=CC[C@H]3C(=C)C(=O)O[C@@H]3[C@@H]12,0.0,2.0,230.30699999999996,3.0166000000000013,26.3,0.0,0.0,0.0
DiaNatDB-132,DiaNat-DB,C=CCc1ccc(O)c(OC)c1,1.0,2.0,164.20399999999995,2.1292999999999997,29.46,3.0,0.0,0.0
DiaNatDB-133,DiaNat-DB,OC[C@H]1NCC[C@@H](O)[C@@H]1O,4.0,4.0,147.174,-1.937599999999999,72.72,1.0,0.0,0.0
DiaNatDB-134,DiaNat-DB,OC[C@H]1O[C@H](OC[C@H]2O[C@@H](O)[C@@H](O)[C@@H](O)[C@@H]2O[C@@H]2O[C@H](CO)[C@@H](O)[C@H](O)[C@@H]2O)[C@H](O)[C@@H](O)[C@H]1O,11.0,16.0,504.43800000000016,-7.572999999999989,268.67999999999995,7.0,0.0,0.0
DiaNatDB-135,DiaNat-DB,CC(C)=CCN=C(N)N,2.0,1.0,127.19100000000003,0.2260000000000002,64.39999999999999,2.0,0.0,0.0
DiaNatDB-136,DiaNat-DB,O=C1O[C@H]2[C@@H]3OC(=O)c4cc(O)c(O)c(O)c4-c4c(cc(O)c(O)c4O)C(=O)OC[C@H]2O[C@@H](OC(=O)c2cc(O)c(O)c(O)c2)[C@@H]3OC(=O)c2cc(O)c(O)c3c2[C@@H]2C1=CC(=O)[C@](O)(O3)C2(O)O,14.0,27.0,952.6480000000005,-1.1015000000000004,450.2500000000001,2.0,0.0,0.0
DiaNatDB-137,DiaNat-DB,CC/C(C)=C/CC[C@](C)(O)C1CC[C@]2(C)C3C[C@@H](O[C@@H]4O[C@H](CO)[C@@H](O)[C@H](O)[C@H]4O[C@@H]4O[C@@H](C)[C@H](O)[C@@H](O)[C@H]4O)C4C(C)(C)C(O)CC[C@]4(C)C3C[C@H](O)C12,9.0,13.0,785.0250000000001,2.147400000000001,218.98999999999998,10.0,0.0,0.0
DiaNatDB-138,DiaNat-DB,Cc1cc2c([nH]c3ccccc32)c2c1OC(C)(C)C=C2,1.0,1.0,263.34,4.8137200000000036,25.02,0.0,0.0,0.0
DiaNatDB-139,DiaNat-DB,COc1cc2oc(=O)c(-c3ccc(O)cc3O)cc2c(OC)c1CC=C(C)C,2.0,6.0,382.41200000000026,4.397100000000003,89.13000000000001,5.0,0.0,0.0
DiaNatDB-14,DiaNat-DB,C/C=C1/[C@H](O[C@@H]2O[C@H](CO)[C@@H](O)[C@H](O)[C@H]2O)OC=C(C(=O)OC)[C@H]1CC(=O)OCCc1ccc(O)c(O)c1,6.0,13.0,540.5180000000005,-0.6342000000000009,201.66999999999996,9.0,0.0,0.0
DiaNatDB-140,DiaNat-DB,CC1(C)[C@@H](O[C@@H]2O[C@H](C(=O)O)[C@@H](O)[C@H](O)[C@H]2O[C@@H]2O[C@H](C(=O)O)[C@@H](O)[C@H](O)[C@H]2O)CC[C@]2(C)[C@H]3C(=O)C=C4[C@@H]5C[C@@](C)(C(=O)O)CC[C@]5(C)CC[C@@]4(C)[C@]3(C)CC[C@@H]12,8.0,13.0,822.9419999999996,2.245600000000003,267.03999999999996,7.0,0.0,0.0
DiaNatDB-141,DiaNat-DB,Cc1cc2c(C(C)C)c(O)c(O)c(C=O)c2c(O)c1-c1c(C)cc2c(C(C)C)c(O)c(O)c(C=O)c2c1O,6.0,8.0,518.5620000000004,6.382240000000009,155.52,5.0,0.0,0.0
DiaNatDB-142,DiaNat-DB,O=c1c(O[C@@H]2OC[C@H](O)C(O)C2O)c(-c2ccc(O)c(O)c2)oc2cc(O)cc(O)c12,7.0,11.0,434.3530000000002,0.10019999999999951,190.27999999999997,3.0,0.0,0.0
DiaNatDB-143,DiaNat-DB,C/C=C(\C)C(=O)O[C@H]1[C@H](O)[C@]2(COC(C)=O)[C@@H](O)C[C@]3(C)C(=CC[C@@H]4[C@@]5(C)CC[C@H](O[C@@H]6O[C@H](C(=O)O)[C@@H](O)[C@H](O)[C@H]6O)[C@@](C)(CO)[C@@H]5CC[C@]43C)[C@@H]2CC1(C)C,7.0,13.0,806.9870000000002,3.0305000000000026,229.73999999999998,8.0,0.0,0.0
DiaNatDB-144,DiaNat-DB,C[C@]1(OC(=O)/C=C/c2ccccc2)C[C@@H](O)[C@]2(O)C=CO[C@@H](O[C@@H]3O[C@H](CO)[C@@H](O)[C@H](O)[C@H]3O)[C@@H]21,6.0,11.0,494.49300000000017,-1.1998999999999995,175.37,6.0,0.0,0.0
DiaNatDB-145,DiaNat-DB,CO[C@@H]1C[C@](C)(OC(=O)/C=C/c2ccccc2)[C@@H]2[C@H](O[C@@H]3O[C@H](CO)[C@@H](O)[C@H](O)[C@H]3O)OC=C[C@]21O,5.0,11.0,508.5200000000002,-0.5457999999999998,164.37,7.0,0.0,0.0
DiaNatDB-146,DiaNat-DB,CC1(C)CC[C@]2(C(=O)O)CC[C@]3(C)C(=CC[C@@H]4[C@@]5(C)CC[C@H](O)[C@@](C)(CO)[C@@H]5CC[C@]43C)[C@@H]2C1,3.0,3.0,472.7100000000003,6.206000000000008,77.76,2.0,0.0,0.0
DiaNatDB-147,DiaNat-DB,COc1cc(C2Oc3ccc(-c4cc(=O)c5c(O)cc(O)cc5o4)cc3OC2CO)ccc1O,4.0,9.0,464.4260000000002,3.4588000000000023,138.82000000000002,4.0,0.0,0.0
DiaNatDB-148,DiaNat-DB,COc1cc(/C=C(\CO)c2cc([C@@H]3Oc4cc(-c5cc(=O)c6c(O)cc(O)cc6o5)ccc4O[C@H]3CO)cc(OC)c2O)ccc1O,6.0,12.0,642.6130000000003,4.705900000000008,188.50999999999996,8.0,0.0,0.0
DiaNatDB-149,DiaNat-DB,C=C(CO)C(=O)O[C@H]1C[C@@]23O[C@@H]2CC/C(=C/[C@H]2OC(=O)C(=C)[C@H]12)CO[C@H]3O,2.0,8.0,378.3770000000001,0.14100000000000007,114.82000000000002,3.0,0.0,0.0
DiaNatDB-15,DiaNat-DB,C=C[C@H]1[C@H](O[C@@H]2O[C@H](CO)[C@@H](O)[C@H](O)[C@H]2O)OC=C2C(=O)OCC[C@H]21,4.0,9.0,358.3430000000002,-1.5915999999999988,134.91,4.0,0.0,0.0
DiaNatDB-150,DiaNat-DB,C=C1CC1CC(N)C(=O)O,2.0,2.0,141.17000000000002,0.3645000000000001,63.32000000000001,3.0,0.0,0.0
DiaNatDB-151,DiaNat-DB,C=C1CC1CC(NC(=O)CCC(N)C(=O)O)C(=O)O,4.0,4.0,270.28499999999997,-0.2858999999999983,129.72,8.0,0.0,0.0
DiaNatDB-152,DiaNat-DB,COCC1[C@H](COC)Cc2cc(OC)c3c(c2[C@@H]1c1ccc(OC)c(OC)c1)OCO3,0.0,7.0,430.49700000000024,3.6543000000000028,64.61000000000001,8.0,0.0,0.0
DiaNatDB-153,DiaNat-DB,O=C(O)Cc1c[nH]c2ccccc12,2.0,1.0,175.187,1.795,53.089999999999996,2.0,0.0,0.0
DiaNatDB-154,DiaNat-DB,COc1cc2c(cc1O)CC[n+]1cc3c(OC)c(OC)ccc3cc1-2,1.0,4.0,338.38300000000004,3.081800000000001,51.80000000000001,3.0,0.0,0.0
DiaNatDB-155,DiaNat-DB,C=C1C[C@@]23CC[C@H]4[C@@](C)(CCC[C@@]4(C)C(=O)O)[C@@H]2CC[C@@H]1C3,1.0,1.0,302.4580000000001,5.040100000000004,37.3,1.0,0.0,0.0
DiaNatDB-156,DiaNat-DB,COc1ccc([C@H]2Oc3c(c(O)cc(O)c3[C@H]3C(=O)c4c(O)cc(O)cc4O[C@@H]3c3ccc(O)cc3)C(=O)[C@@H]2O)cc1O,7.0,12.0,588.5210000000003,3.706300000000001,203.44,4.0,0.0,0.0
DiaNatDB-157,DiaNat-DB,O=S(=O)([O-])O[C@@H]([C@H](O)[C@H](O)[C@@H](O)CO)[C@H](O)C[S+]1C[C@@H](O)[C@H](O)[C@H]1CO,8.0,12.0,424.44600000000014,-6.017699999999992,228.26999999999998,10.0,0.0,0.0
DiaNatDB-158,DiaNat-DB,Nc1nccc(C[C@H](N)C(=O)O)n1,3.0,5.0,182.183,-0.9867999999999995,115.12,3.0,0.0,0.0
DiaNatDB-159,DiaNat-DB,C=C1CN(S(=O)(=O)c2ccc(C)cc2)CCCN(Cc2ccccc2)CCCN(S(=O)(=O)c2ccc(C)cc2)C1,0.0,5.0,581.8040000000002,4.837240000000005,78.0,6.0,0.0,0.0
DiaNatDB-16,DiaNat-DB,C=C[C@H]1[C@H](O[C@@H]2O[C@H](CO)[C@@H](O)[C@H](O)[C@H]2OC(=O)c2c(O)cc(O)cc2-c2cccc(O)c2)OC=C2C(=O)OCC[C@]21O,7.0,14.0,602.5450000000002,0.17179999999999984,221.89999999999998,7.0,0.0,0.0
DiaNatDB-160,DiaNat-DB,CN[C@@H](C)[C@H](O)c1ccccc1,2.0,2.0,165.236,1.3278999999999999,32.26,3.0,0.0,0.0
DiaNatDB-161,DiaNat-DB,Cc1ccnc2ccccc12,0.0,1.0,143.189,2.5432200000000007,12.89,0.0,0.0,0.0
DiaNatDB-162,DiaNat-DB,Oc1cc(O)c2c(c1)OC(c1cc(O)c(O)c(O)c1)C(O)C2O,7.0,8.0,322.269,0.7426000000000001,150.84,1.0,0.0,0.0
DiaNatDB-163,DiaNat-DB,Oc1ccc(C2Oc3cc(O)cc(O)c3C(O)C2O)cc1,5.0,6.0,290.271,1.3313999999999997,110.38000000000001,1.0,0.0,0.0
DiaNatDB-164,DiaNat-DB,O=C(/C=C/c1ccc(O)c2c1C(C(=O)OC(Cc1ccc(O)c(O)c1)C(=O)O)C(c1cc(O)cc(O)c1)O2)OC(Cc1ccc(O)c(O)c1)C(=O)O,9.0,14.0,718.6200000000002,3.334500000000002,278.03999999999996,12.0,0.0,0.0
DiaNatDB-165,DiaNat-DB,O=C1CCC[C@@H]2[C@H]3C[C@@H](CN12)[C@@H]1CCCCN1C3,0.0,2.0,248.36999999999992,1.8717000000000001,23.550000000000004,0.0,0.0,0.0
DiaNatDB-166,DiaNat-DB,C[C@H](Cc1ccc(O)c(O)c1)[C@@H](C)Cc1ccc(O)c(O)c1,4.0,4.0,302.37,3.5664000000000033,80.92,5.0,0.0,0.0
DiaNatDB-167,DiaNat-DB,COc1c(O)cc(-c2oc3cc(O)cc(O)c3c(=O)c2O[C@@H]2OC(C)[C@H](O)C(O)[C@@H]2O)cc1O,7.0,12.0,478.4060000000002,0.4972999999999997,199.50999999999996,4.0,0.0,0.0
DiaNatDB-168,DiaNat-DB,COc1cc(O)c2c(=O)c3c(O)ccc(OC)c3oc2c1,2.0,6.0,288.255,2.3746,89.13000000000001,2.0,0.0,0.0
DiaNatDB-169,DiaNat-DB,C=C(NC1CC1)C(=O)O,2.0,2.0,127.14299999999999,0.3366999999999997,49.33,3.0,0.0,0.0
DiaNatDB-17,DiaNat-DB,C=C[C@H]1[C@@H](O[C@@H]2O[C@H](CO)[C@@H](O)[C@@H](O)[C@H]2OC(=O)c2c(O)cc(O)cc2-c2cccc(O)c2)OC=C2C(=O)OCC[C@H]21,6.0,13.0,586.5460000000002,1.0568999999999997,201.67,7.0,0.0,0.0
DiaNatDB-170,DiaNat-DB,COc1cc(O)c2c(=O)c3c(O)c(OC)ccc3oc2c1,2.0,6.0,288.255,2.3746,89.13000000000001,2.0,0.0,0.0
DiaNatDB-171,DiaNat-DB,NC(Cn1ccc(=O)c(O)c1)C(=O)O,3.0,5.0,198.17799999999997,-1.0342000000000002,105.55,3.0,0.0,0.0
DiaNatDB-172,DiaNat-DB,CC1(C)CC[C@]2(C(=O)O)CC[C@]3(C)C(=CC[C@@H]4[C@@]5(C)CC[C@H](O[C@@H]6O[C@H](C(=O)O)[C@@H](O)[C@H](O[C@@H]7OC[C@@H](O)[C@H](O)[C@H]7O)[C@H]6O)C(C)(C)[C@@H]5CC[C@]43C)[C@@H]2C1,7.0,11.0,764.9500000000002,3.613400000000004,212.67,6.0,0.0,0.0
DiaNatDB-173,DiaNat-DB,Oc1cc(O)cc(-c2cc3ccc(O)cc3o2)c1,3.0,4.0,242.23,3.2165999999999997,73.83,1.0,0.0,0.0
DiaNatDB-174,DiaNat-DB,Cc1c(O)c2c(c(C)c1O[C@@H]1O[C@H](CO)[C@@H](O)[C@H](O)[C@H]1O)O[C@H](c1cc(O)ccc1O)CC2=O,7.0,11.0,478.4500000000002,0.3054399999999997,186.36999999999998,4.0,0.0,0.0
DiaNatDB-175,DiaNat-DB,COc1ccc(O)c([C@@H]2CC(=O)c3c(O)c(C)c(O[C@@H]4O[C@H](CO)[C@@H](O)[C@H](O)[C@H]4O)c(C)c3O2)c1,6.0,11.0,492.47700000000015,0.6084399999999995,175.37,5.0,0.0,0.0
DiaNatDB-176,DiaNat-DB,CC(=O)c1c(O)cc(O)cc1O[C@@H]1O[C@H](COC(=O)c2cc(O)c(O)c(O)c2)[C@@H](O)[C@H](O)[C@H]1O,8.0,13.0,482.3940000000001,-0.5394000000000002,223.67,6.0,0.0,0.0
DiaNatDB-177,DiaNat-DB,O=c1c(O)c(-c2cc(O)c(O)c(O)c2)oc2cc(O)cc(O)c12,6.0,8.0,318.237,1.6935999999999998,151.59,1.0,0.0,0.0
DiaNatDB-178,DiaNat-DB,C[C@@H]1O[C@@H](Oc2c(-c3cc(O)c(O)c(O)c3)oc3cc(O)cc(O)c3c2=O)[C@H](O)[C@H](O)[C@H]1O,8.0,12.0,464.37900000000013,0.1942999999999998,210.50999999999996,3.0,0.0,0.0
DiaNatDB-179,DiaNat-DB,C=CCc1cc(OC)c2c(c1)OCO2,0.0,3.0,192.21399999999994,2.1524,27.69,3.0,0.0,0.0
DiaNatDB-18,DiaNat-DB,O=c1c2cc(O)c(O)cc2oc2cc(O)c(C3OC(CO)C(O)C(O)C3O)c(O)c12,8.0,11.0,422.3420000000001,-0.7165000000000005,201.27999999999997,2.0,0.0,0.0
DiaNatDB-180,DiaNat-DB,OC[C@H]1O[C@@H](Oc2cc3c(O)cc(O)cc3[o+]c2-c2cc(O)c(O)c(O)c2)[C@H](O)[C@@H](O)[C@@H]1O,9.0,11.0,465.3870000000001,0.08759999999999984,211.82999999999996,4.0,0.0,0.0
DiaNatDB-181,DiaNat-DB,COc1cc([C@H]2c3cc(O)c(O)cc3-c3oc4cc(O)cc(O)c4c(=O)c3[C@H]2CO)ccc1O,6.0,9.0,464.4260000000002,3.2180000000000013,160.82,3.0,0.0,0.0
DiaNatDB-182,DiaNat-DB,COc1cc2c3c(c1OC)-c1ccccc1C[C@H]3N(C)CC2,0.0,3.0,295.3820000000001,3.4559000000000015,21.700000000000003,2.0,0.0,0.0
DiaNatDB-183,DiaNat-DB,CCCC[C@@H](C)[C@H]1CC[C@H]2[C@@H]3CC=C4C[C@@H](O)CC[C@]4(C)[C@H]3CC[C@]12C,1.0,1.0,358.6100000000002,6.752600000000008,20.23,4.0,0.0,0.0
DiaNatDB-184,DiaNat-DB,COC1CC(O[C@H]2CC[C@@]3(C)[C@H](CC[C@@H]4[C@@H]3CC[C@]3(C)[C@@H](C5=CC(=O)OC5)[C@@H](OC(C)=O)C[C@]43O)C2)OC(C)C1O,2.0,9.0,576.7270000000004,3.681000000000003,120.75000000000001,5.0,0.0,0.0
DiaNatDB-185,DiaNat-DB,CC1(C)CC[C@]2(C(=O)O)CC[C@]3(C)C(=CC[C@@H]4[C@@]5(C)CC[C@H](O)C(C)(C)[C@@H]5CC[C@]43C)[C@@H]2C1,2.0,2.0,456.7110000000003,7.233600000000009,57.53,1.0,0.0,0.0
DiaNatDB-186,DiaNat-DB,C[C@]12C[C@]3(O)O[C@@H](O1)[C@]1(COC(=O)c4ccccc4)[C@H]3C[C@@]12O[C@@H]1O[C@H](CO)[C@@H](O)[C@H](O)[C@H]1O,5.0,11.0,480.4660000000002,-1.3574999999999986,164.37,6.0,0.0,0.0
DiaNatDB-187,DiaNat-DB,COc1cc2c(cc1OC)-c1cc3ccc(OC)c(OC)c3c[n+]1CC2,0.0,4.0,352.41000000000014,3.384800000000002,40.800000000000004,4.0,0.0,0.0
DiaNatDB-188,DiaNat-DB,O=C(O)[C@H]1O[C@@H](O)[C@H](O)[C@@H](O)[C@H]1O,5.0,6.0,194.139,-3.1291000000000007,127.45000000000002,1.0,0.0,0.0
DiaNatDB-189,DiaNat-DB,O=C1OC[C@H]2OC(O)[C@@H]3OC(=O)c4cc(O)c(O)c(O)c4-c4c(cc(O)c(O)c4O)C(=O)O[C@H]3[C@@H]2OC(=O)c2cc(O)c(O)c(O)c2-c2c1cc(O)c(O)c2O,13.0,22.0,784.5440000000003,0.6653999999999998,377.4200000000001,0.0,0.0,0.0
DiaNatDB-19,DiaNat-DB,C=C[C@H]1[C@H](O[C@@H]2O[C@H](CO)[C@@H](O)[C@H](O)[C@H]2O)OC=C2C(=O)OCC[C@]21O,5.0,10.0,374.3420000000002,-2.476699999999998,155.14,4.0,0.0,0.0
DiaNatDB-190,DiaNat-DB,CC(C)=C[C@H]1C[C@](O)([C@H]2CC[C@]3(C)[C@H]2CCC2[C@@]4(C)CC[C@H](O[C@@H]5OC[C@@H](O)[C@H](O[C@@H]6O[C@H](CO)[C@@H](O)[C@H](O)[C@H]6O)[C@@H]5O[C@H]5O[C@H](C)[C@@H](O)[C@H](O)[C@@H]5O)C(C)(C)C4CC[C@]23C)[C@H](O)O1,10.0,17.0,915.1240000000005,0.9763000000000055,266.90999999999997,9.0,0.0,0.0
DiaNatDB-191,DiaNat-DB,COC[C@@H](Cc1ccc(OC)c(OC)c1)[C@@H](COC)Cc1ccc(OC)c(OC)c1,0.0,6.0,418.5300000000002,4.031400000000003,55.38000000000001,13.0,0.0,0.0
DiaNatDB-192,DiaNat-DB,COc1c(O)cc(C2Oc3c(c(O)cc(O)c3[C@H]3c4c(O)cc(O)cc4O[C@H](c4ccc(O)cc4)[C@@H]3O)C[C@H]2O)cc1O,9.0,12.0,592.5530000000002,3.2980000000000014,209.75999999999996,4.0,0.0,0.0
DiaNatDB-193,DiaNat-DB,C[C@@H]1O[C@@H](O[C@@H]2[C@@H](O)[C@H](OCCc3ccc(O)c(O)c3)O[C@H](CO[C@@H]3O[C@H](CO)[C@H](O)[C@H](O)[C@H]3O)[C@H]2OC(=O)/C=C/c2ccc(O)c(O)c2)[C@H](O)[C@H](O)[C@H]1O,12.0,20.0,786.7330000000005,-3.191699999999994,324.44,13.0,0.0,0.0
DiaNatDB-194,DiaNat-DB,C[C@@H]1O[C@@H](Oc2c(-c3ccc(O)c(O)c3)oc3cc(O)cc(O)c3c2=O)[C@@H](O)[C@H](O)[C@@H]1O,7.0,11.0,448.38000000000017,0.4886999999999995,190.27999999999997,3.0,0.0,0.0
DiaNatDB-195,DiaNat-DB,C[C@@H]1O[C@@H](Oc2c(-c3ccc(O)c(O)c3)oc3cc(O)cc(O)c3c2=O)[C@H](O)[C@H](O)[C@H]1O,7.0,11.0,448.38000000000017,0.4886999999999995,190.27999999999997,3.0,0.0,0.0
DiaNatDB-196,DiaNat-DB,Cc1c(O)c(O)cc2c1CC[C@H]1[C@@]2(C)CC[C@@]2(C)[C@@H]3C[C@@H](C)C(=O)[C@@H](O)[C@]3(C)CC[C@]12C,3.0,4.0,440.62400000000025,5.4188200000000055,77.76,0.0,0.0,0.0
DiaNatDB-197,DiaNat-DB,CC1=CC(=O)CC(C)(C)[C@@]1(O)/C=C/[C@@H](C)O[C@@H]1O[C@H](CO)[C@@H](O)[C@H](O)[C@H]1O,5.0,8.0,386.4410000000001,-0.5759999999999996,136.68,5.0,0.0,0.0
DiaNatDB-198,DiaNat-DB,O=C(/C=C/c1ccc(O)c(O)c1)O[C@H](Cc1ccc(O)c(O)c1)C(=O)O,5.0,7.0,360.3180000000001,1.7612999999999996,144.52,6.0,0.0,0.0
DiaNatDB-199,DiaNat-DB,O=S(=O)([O-])O[C@@H](CO)[C@H](O)C[S+]1C[C@@H](O)[C@H](O)[C@H]1CO,5.0,9.0,334.36800000000005,-4.100399999999994,167.58,7.0,0.0,0.0
DiaNatDB-2,DiaNat-DB,COc1ccc2cc3[n+](cc2c1OC)CCc1cc2c(cc1-3)OCO2,0.0,4.0,336.3670000000001,3.096300000000001,40.8,2.0,0.0,0.0
DiaNatDB-20,DiaNat-DB,O=c1cc(-c2ccc(O)cc2)oc2c([C@@H]3O[C@H](CO)[C@@H](O)[C@H](O)[C@H]3O)c(O)cc(O)c12,7.0,10.0,432.3810000000001,0.09169999999999978,181.04999999999998,3.0,0.0,0.0
DiaNatDB-200,DiaNat-DB,CC(=O)OC[C@]12[C@@H](OC(=O)c3ccccc3)C[C@@H]3[C@@H](OC(C)=O)[C@]1(OC3(C)C)[C@H](C)C[C@H](O)[C@@H]2OC(C)=O,1.0,10.0,532.5860000000004,2.5931000000000006,134.66000000000003,6.0,0.0,0.0
DiaNatDB-201,DiaNat-DB,OC[C@H]1O[C@@H](OCCc2ccc(O)cc2)[C@H](O)[C@@H](O)[C@@H]1O,5.0,7.0,300.307,-1.2488000000000008,119.61000000000001,5.0,0.0,0.0
DiaNatDB-202,DiaNat-DB,C=CC[S+]([O-])CC(N)C(=O)O,2.0,3.0,177.22499999999997,-0.6669999999999991,86.38000000000001,5.0,0.0,0.0
DiaNatDB-203,DiaNat-DB,C[n+]1cc2c3c(ccc2c2ccc4cc5c(cc4c21)OCO5)OCO3,0.0,4.0,332.33500000000015,3.4281000000000015,40.8,0.0,0.0,0.0
DiaNatDB-204,DiaNat-DB,CC=C1CN2[C@H]3C[C@H]1C(CO)[C@@H]2Cc1c3[nH]c2ccc(O)cc12,3.0,3.0,310.397,2.7296000000000005,59.489999999999995,1.0,0.0,0.0
DiaNatDB-205,DiaNat-DB,CC(=O)OC1C(C)OC(OC2C3C=COC(OC4OC(CO)C(O)C(O)C4O)C3C3(CO)OC23)C(OC(C)=O)C1OC(=O)/C=C/c1ccccc1,5.0,17.0,722.6930000000002,-1.332599999999991,238.72999999999996,11.0,0.0,0.0
DiaNatDB-206,DiaNat-DB,COC(=O)C1=CO[C@@H](C)[C@H]2C[n+]3ccc4c([nH]c5ccccc54)c3C[C@H]12,1.0,3.0,349.4100000000001,2.872700000000001,55.2,1.0,0.0,0.0
DiaNatDB-207,DiaNat-DB,CC(C)(O)[C@@H]1[C@H]2OC(=O)[C@@H]1[C@]1(O)C[C@H]3O[C@]34C(=O)O[C@H]2[C@]14C,2.0,7.0,310.302,-0.8672,105.59000000000002,1.0,0.0,0.0
DiaNatDB-208,DiaNat-DB,COc1ccc2c(OC)c3ccoc3nc2c1OC,0.0,5.0,259.26099999999997,3.006800000000001,53.72,3.0,0.0,0.0
DiaNatDB-209,DiaNat-DB,O=c1ccc2ccc(O[C@@H]3O[C@H](CO)[C@@H](O)[C@H](O)[C@H]3O)cc2o1,4.0,8.0,324.2850000000001,-1.0283000000000009,129.59000000000003,3.0,0.0,0.0
DiaNatDB-21,DiaNat-DB,COc1cc(O)c2c(=O)c3c(O)c(O)ccc3oc2c1,3.0,6.0,274.228,2.0716,100.13000000000001,1.0,0.0,0.0
DiaNatDB-210,DiaNat-DB,C[S+]([O-])CC(N)C(=O)O,2.0,3.0,151.187,-1.2231999999999987,86.38000000000001,3.0,0.0,0.0
DiaNatDB-211,DiaNat-DB,CC1CCC2(NC1)OC1CC3C4CC=C5CC(OC6OC(CO)C(O)C(OC7OC(CO)C(O)C(O)C7O)C6OC6OC(C)C(O)C(O)C6O)CCC5(C)C4CCC3(C)C1C2C,10.0,17.0,884.07,-0.2128999999999921,258.71,8.0,0.0,0.0
DiaNatDB-212,DiaNat-DB,C1CCN2C[C@@H]3C[C@@H](CN4CCCC[C@@H]34)[C@H]2C1,0.0,2.0,234.38699999999992,2.3451000000000004,6.48,0.0,0.0,0.0
DiaNatDB-213,DiaNat-DB,C=C1C[C@@]23CC[C@H]4[C@@](C)(CCC[C@@]4(C)C(=O)O[C@@H]4O[C@H](CO)[C@@H](O)[C@H](O)[C@H]4O)[C@@H]2CC[C@]1(O[C@@H]1O[C@H](CO)[C@@H](O)[C@H](O)[C@H]1O[C@@H]1O[C@H](CO)[C@@H](O)[C@H](O)[C@H]1O)C3,11.0,18.0,804.8800000000006,-2.9380999999999933,294.97999999999996,9.0,0.0,0.0
DiaNatDB-214,DiaNat-DB,CC[C@H](/C=C/[C@@H](C)[C@H]1CC[C@H]2[C@@H]3CC=C4C[C@@H](O)CC[C@]4(C)[C@H]3CC[C@]12C)C(C)C,1.0,1.0,412.7020000000003,7.8008000000000095,20.23,5.0,0.0,0.0
DiaNatDB-215,DiaNat-DB,O=C1OC(c2ccc(O)cc2)Cc2cccc(O)c21,2.0,4.0,256.257,2.552000000000001,66.76,1.0,0.0,0.0
DiaNatDB-216,DiaNat-DB,CC1=C(O)C(=O)C=C2C1=CC=C1[C@@]2(C)CC[C@@]2(C)[C@@H]3C[C@@H](C)C(=O)C[C@]3(C)CC[C@]12C,1.0,3.0,420.5930000000003,6.421900000000006,54.37,0.0,0.0,0.0
DiaNatDB-217,DiaNat-DB,C[C@@H]1CC[C@]2(C(=O)O)CC[C@]3(C)C(=CC[C@@H]4[C@@]5(C)C[C@@H](O)[C@@H](O)C(C)(C)C5CC[C@]43C)[C@H]2[C@]1(C)O,4.0,4.0,488.7090000000003,5.1752000000000065,97.99000000000001,1.0,0.0,0.0
DiaNatDB-218,DiaNat-DB,CC1=CC(=O)C[C@H]2C1CC[C@@H](C)[C@]21C[C@H](c2ccoc2)OC1=O,0.0,4.0,314.3810000000001,3.8354000000000026,56.51,1.0,0.0,0.0
DiaNatDB-219,DiaNat-DB,C[n+]1cccc(C(=O)[O-])c1,0.0,2.0,137.138,-1.1254000000000004,44.01,1.0,0.0,0.0
DiaNatDB-22,DiaNat-DB,O=c1cc(-c2ccc(O)c(O)c2)oc2cc(O)c([C@@H]3O[C@H](CO)[C@@H](O)C(O)[C@H]3O)c(O)c12,8.0,11.0,448.3800000000001,-0.20270000000000032,201.27999999999997,3.0,0.0,0.0
DiaNatDB-220,DiaNat-DB,CC1=C2CC[C@H]3[C@@](C)(CC[C@@]4(C)[C@@H]5C[C@@H](C)C(=O)[C@@H](O)[C@]5(C)CC[C@]34C)[C@@H]2C[C@H](O)C1=O,2.0,4.0,442.64000000000027,4.8616000000000055,74.6,0.0,0.0,0.0
DiaNatDB-221,DiaNat-DB,O[C@H]1[C@H](O)[C@@H](O)CN2C[C@@H](O)[C@@H](O)[C@H]12,5.0,6.0,205.21,-3.5112999999999994,104.39,0.0,0.0,0.0
DiaNatDB-222,DiaNat-DB,O[C@H]1[C@H]2[C@H](O)[C@H](O)CN2[C@H](O)C[C@H]1O,5.0,6.0,205.20999999999998,-3.1637,104.39,0.0,0.0,0.0
DiaNatDB-223,DiaNat-DB,C[C@H]1[C@H](C)CC[C@]2(C(=O)O)CC[C@]3(C)C(=CC[C@@H]4[C@@]5(C)CC[C@H](O)C(C)(C)[C@@H]5CC[C@]43C)[C@H]12,2.0,2.0,456.7110000000003,7.089500000000009,57.53,1.0,0.0,0.0
DiaNatDB-224,DiaNat-DB,C=C[C@@]12COC(=O)C(=C)[C@@H]1[C@H]1OC(=O)C(=C)[C@@H]1[C@@H](OC(=O)C(=C)CO)C2,1.0,7.0,360.3620000000002,0.8497999999999994,99.13000000000001,4.0,0.0,0.0
DiaNatDB-225,DiaNat-DB,C=C(C)C(=O)O[C@H]1C[C@@]23O[C@@H]2CC/C(=C/[C@H]2OC(=O)C(=C)[C@H]12)CO[C@@H]3O,1.0,7.0,362.3780000000001,1.1685999999999999,94.59,2.0,0.0,0.0
DiaNatDB-226,DiaNat-DB,COC(=O)[C@@H]1[C@H]2C[C@H]3c4[nH]c5ccccc5c4CCN3C[C@@H]2CC[C@@H]1O,2.0,4.0,354.4500000000001,2.6471000000000013,65.56,1.0,0.0,0.0
DiaNatDB-227,DiaNat-DB,O=C(OC[C@H]1OC[C@H](O)[C@@H](O)[C@@H]1O)c1cc(O)c(O)c(O)c1,6.0,9.0,316.26200000000006,-1.5583000000000002,156.91,3.0,0.0,0.0
DiaNatDB-228,DiaNat-DB,O=C(O[C@H]1CO[C@H](CO)[C@@H](O)[C@@H]1O)c1cc(O)c(O)c(O)c1,6.0,9.0,316.26200000000006,-1.5583000000000002,156.91,3.0,0.0,0.0
DiaNatDB-229,DiaNat-DB,COc1cc([C@@H]2c3c(O)cc(O)cc3[C@@H]3[C@H]2CO[C@H]3c2ccc(O)c(O)c2)cc(OC)c1O,5.0,8.0,452.4590000000002,3.8486000000000025,128.84,4.0,0.0,0.0
DiaNatDB-23,DiaNat-DB,C[N+](C)(C)CC(=O)[O-],0.0,2.0,117.14799999999998,-1.5574999999999983,40.129999999999995,2.0,0.0,0.0
DiaNatDB-230,DiaNat-DB,Oc1cc(O)cc(/C=C/c2cc(O)c(O)c(O)c2)c1,5.0,5.0,260.24499999999995,2.3850000000000007,101.15,2.0,0.0,0.0
DiaNatDB-231,DiaNat-DB,COc1c(O)cc2oc3cc(O)c(CC=C(C)C)c(O)c3c(=O)c2c1CC=C(C)C,3.0,6.0,410.46600000000024,5.089000000000003,100.13,5.0,0.0,0.0
DiaNatDB-232,DiaNat-DB,CC(C)=CCc1c(O)cc2oc3cc(O)c(O)c(CC=C(C)C)c3c(=O)c2c1O,4.0,6.0,396.4390000000002,4.786000000000005,111.13000000000001,4.0,0.0,0.0
DiaNatDB-233,DiaNat-DB,CC(C)[C@H]1CCc2cc(O)c(O)c3c2[C@@H]1OC3=O,2.0,4.0,248.278,2.527700000000002,66.75999999999999,1.0,0.0,0.0
DiaNatDB-234,DiaNat-DB,COc1ccc(-c2coc3cc(O)ccc3c2=O)cc1,1.0,4.0,268.268,3.1742000000000017,59.67,2.0,0.0,0.0
DiaNatDB-235,DiaNat-DB,COc1ccc2c(c1O)-c1c(O)c(OC)cc3c1[C@H](C2)[N+](C)(C)CC3,2.0,4.0,342.41500000000013,3.011700000000001,58.92,2.0,0.0,0.0
DiaNatDB-236,DiaNat-DB,Oc1cc(O)cc(Oc2c(O)cc3c(c2O)Oc2cc(Oc4c(O)cc(O)cc4O)c(O)c(O)c2O3)c1,9.0,13.0,512.3790000000002,4.519600000000008,218.98999999999995,4.0,0.0,0.0
DiaNatDB-237,DiaNat-DB,COc1cc([C@@H]2c3c(cc(OC)c(O)c3OC)C[C@@H](CO)[C@@H]2CO[C@H]2O[C@H](CO)C(O)[C@H](O)[C@H]2O)cc(OC)c1O,7.0,13.0,582.5990000000002,-0.13859999999999978,196.98999999999998,10.0,0.0,0.0
DiaNatDB-238,DiaNat-DB,C=C(C)[C@@H]1CC[C@]2(C)CC[C@]3(C(=O)O)C(CCC4[C@@]5(C)CC[C@@H](O)C(C)(C)[C@@H]5CC[C@]43C)C12,2.0,2.0,456.7110000000003,7.089500000000009,57.53,2.0,0.0,0.0
DiaNatDB-239,DiaNat-DB,O=C(O)/C(=C/c1ccccc1)O[C@@H]1O[C@@H](CO)[C@@H](O)[C@H](O)[C@H]1O,5.0,7.0,326.301,-1.0714000000000004,136.68,5.0,0.0,0.0
DiaNatDB-24,DiaNat-DB,CC(=O)c1c(C)cc2cccc(O)c2c1O,2.0,3.0,216.236,2.7620200000000015,57.53,1.0,0.0,0.0
DiaNatDB-240,DiaNat-DB,CC1=CC[C@]2(C(=O)O)CC[C@]3(C)C(=CC[C@@H]4[C@@]5(C)CC[C@H](O)C(C)(C)C5CC[C@]43C)[C@@H]2[C@]1(C)O,3.0,3.0,470.6940000000003,6.124500000000008,77.76,1.0,0.0,0.0
DiaNatDB-241,DiaNat-DB,C[C@@H]1O[C@@H](O[C@@H]2C(c3cc4c(=O)cc(-c5ccc(O)cc5)oc4cc3O)O[C@@H](C)[C@@H](O)[C@H]2O)[C@H](O)[C@H](O)[C@H]1O,7.0,12.0,546.5250000000002,0.26549999999999946,199.51,4.0,0.0,0.0
DiaNatDB-242,DiaNat-DB,CC(=O)O[C@H]1C[C@]2(C)[C@@H](C(C)C)CC[C@H]2[C@]23C[C@H]2[C@](C)(O)CC[C@]13C,1.0,3.0,348.52700000000016,4.567700000000005,46.53,2.0,0.0,0.0
DiaNatDB-243,DiaNat-DB,CC(C)[C@H]1CC[C@H]2[C@@H]3C=C[C@](C)(O)CC[C@]3(C)CC[C@]12C(=O)O,2.0,2.0,320.47300000000007,4.2569000000000035,57.53,2.0,0.0,0.0
DiaNatDB-244,DiaNat-DB,CC1=CC(O)C(O)C2(C)C1CC1OC(=O)C(O)C3(O)C4(C)OCC13C2C(O)C4O,6.0,9.0,412.4350000000001,-2.1613999999999964,156.91,0.0,0.0,0.0
DiaNatDB-245,DiaNat-DB,CC1=CC(=O)C(O)C2(C)C1CC1OC(=O)C(O)C3(O)C4(C)OCC13C2C(O)C4O,5.0,9.0,410.41900000000015,-1.9531999999999983,153.75,0.0,0.0,0.0
DiaNatDB-246,DiaNat-DB,COC1=C(OC)C(O)=CC(c2oc3cc(OC)c(OC)c(O)c3c(=O)c2OC)C1,2.0,9.0,406.3870000000002,2.958000000000001,116.82000000000001,6.0,0.0,0.0
DiaNatDB-248,DiaNat-DB,COc1ccc(-c2cc(=O)c3c(O)c(C)c(O)c(C)c3o2)cc1,2.0,5.0,312.321,3.496640000000002,79.9,2.0,0.0,0.0
DiaNatDB-249,DiaNat-DB,COc1ccc(-c2cc(=O)c3c(O)c(C)c(OC)c(C(C)(C)O)c3o2)cc1,2.0,6.0,370.4010000000001,3.718620000000003,89.13000000000001,4.0,0.0,0.0
DiaNatDB-25,DiaNat-DB,C=C(C)C1CC=C(C)CC1,0.0,0.0,136.23799999999997,3.308900000000002,0.0,1.0,0.0,0.0
DiaNatDB-250,DiaNat-DB,OCC(O)C(O)(CO)C(O)CO,6.0,6.0,182.172,-3.5837999999999988,121.38000000000001,5.0,0.0,0.0
DiaNatDB-251,DiaNat-DB,COc1ccc(-c2cc(=O)c3c(O)c(OC)c(O)cc3o2)cc1,2.0,6.0,314.293,2.8884000000000007,89.13000000000001,3.0,0.0,0.0
DiaNatDB-252,DiaNat-DB,COc1ccc(-c2cc(=O)c3c(O)c(OC)c(O[C@@H]4O[C@H](CO[C@@H]5O[C@@H](C)[C@H](O)[C@@H](O)[C@H]5O)[C@@H](O)[C@H](O)[C@H]4O)cc3o2)cc1,7.0,15.0,622.5760000000002,-0.7866999999999995,227.2,8.0,0.0,0.0
DiaNatDB-253,DiaNat-DB,CC(C)=CCCC(C)C1CC[C@@]2(C)C3CCC4[C@](C)(C(=O)O)C(O[C@@]5(C)O[C@](C)(CO)[C@@](C)(O)[C@](C)(O)[C@@]5(C)O)C[C@H](O)[C@@]45C[C@@]35CCC12C,6.0,8.0,704.986,5.97910000000001,156.91,8.0,0.0,0.0
DiaNatDB-254,DiaNat-DB,C/C=C1/C(=O)CC2C3CCC4=CC(=O)CCC4(C)C3CCC12C,0.0,2.0,312.45300000000003,4.643600000000005,34.14,0.0,0.0,0.0
DiaNatDB-255,DiaNat-DB,C/C=C1\C(=O)CC2C3CCC4=CC(=O)CCC4(C)C3CCC12C,0.0,2.0,312.45300000000003,4.643600000000005,34.14,0.0,0.0,0.0
DiaNatDB-256,DiaNat-DB,O=C(OC[C@@H](O)[C@@H](O)[C@@H](O)[C@H](O)C(=O)CO)c1cc(O)c(O)c(O)c1,8.0,11.0,362.28700000000003,-3.0348000000000006,205.20999999999998,8.0,0.0,0.0
DiaNatDB-257,DiaNat-DB,C=C1C(=O)O[C@@H]2/C=C(\C)CC/C=C(\C)CC[C@@H]12,0.0,2.0,232.32299999999992,3.5508000000000024,26.3,0.0,0.0,0.0
DiaNatDB-258,DiaNat-DB,O=C(O)c1cccnc1,1.0,2.0,123.11099999999998,0.7797999999999999,50.19,1.0,0.0,0.0
DiaNatDB-259,DiaNat-DB,CC(C)=CCC[C@@H](C)c1ccc(C)c(O)c1,1.0,1.0,218.34,4.550520000000005,20.23,4.0,0.0,0.0
DiaNatDB-26,DiaNat-DB,C=CCSC[C@H](N)C(=O)O,2.0,3.0,161.226,0.31749999999999995,63.32000000000001,5.0,0.0,0.0
DiaNatDB-260,DiaNat-DB,CCCCCCCCCCCC1=C(O)C(=O)C=C(O)C1=O,2.0,4.0,294.391,4.313100000000002,74.6,10.0,0.0,0.0
DiaNatDB-261,DiaNat-DB,C=C(C)[C@@H]1CC[C@]2(C(=O)O)CC[C@]3(C)C(CC[C@@H]4[C@@]5(C)C[C@H](O)[C@H](O)[C@@]6(O[C@H](O)CCCCCCC)C[C@]65CC[C@]43C)[C@H]12,4.0,5.0,600.8810000000001,7.242300000000011,107.22000000000001,10.0,0.0,0.0
DiaNatDB-262,DiaNat-DB,O=C(CC12OC1C(O)C1C=COC(OC3O[C@H](CO)C(O)[C@H](O)[C@H]3O)C12)O/C=C/c1ccccc1,5.0,11.0,492.4770000000001,-0.9783999999999984,167.67,7.0,0.0,0.0
DiaNatDB-263,DiaNat-DB,O=C(/C=C/c1ccc(O)cc1)c1ccc(O)cc1O,3.0,4.0,256.257,2.699500000000001,77.76,3.0,0.0,0.0
DiaNatDB-264,DiaNat-DB,COc1ccc(C(=O)/C=C/c2ccc(O)cc2)c(OC)c1,1.0,4.0,284.31100000000004,3.305500000000002,55.760000000000005,5.0,0.0,0.0
DiaNatDB-265,DiaNat-DB,O=C(Oc1ccc(C2CC(=O)c3ccc(OC(=O)c4ccccc4)cc3O2)cc1)c1ccccc1,0.0,6.0,464.47300000000007,5.831500000000005,78.90000000000002,5.0,0.0,0.0
DiaNatDB-266,DiaNat-DB,CC(=O)OC1CC2(C)C(OC(C)=O)C(O)=C(O)C(OC(C)=O)C2C2(C)CCc3cocc3C12,2.0,9.0,462.4950000000003,3.478200000000002,132.5,3.0,0.0,0.0
DiaNatDB-267,DiaNat-DB,CCCCCCCCCCCCCCCC(=O)O[C@H]1CC[C@@]2(C)C(CC[C@]3(C)C2CC=C2C4CC(C)(C)CC[C@]4(C)CC[C@]23C)C1(C)C,0.0,2.0,665.1439999999999,14.20109999999997,26.3,15.0,0.0,0.0
DiaNatDB-268,DiaNat-DB,O=C1c2c(O)cc(O)cc2O[C@H](c2ccc(O)c(O)c2)[C@H]1O[C@@H]1O[C@@H](O)[C@H](O)[C@@H](O)[C@H]1O,8.0,12.0,452.36800000000005,-1.032000000000001,206.6,3.0,0.0,0.0
DiaNatDB-269,DiaNat-DB,CCCCOC(=O)c1ccccc1C(=O)OCC(C)C,0.0,4.0,278.348,3.4563000000000024,52.60000000000001,7.0,0.0,0.0
DiaNatDB-27,DiaNat-DB,C=CC(C)(O)CCC=C(C)C,1.0,1.0,154.253,2.6698000000000013,20.23,4.0,0.0,0.0
DiaNatDB-270,DiaNat-DB,C[C@@H]1C[C@H]2OC(=O)[C@@]3(C)CCC[C@@](C)([C@@H]23)[C@@]1(O)CCc1ccoc1,1.0,4.0,332.44000000000005,3.721200000000003,59.67,3.0,0.0,0.0
DiaNatDB-271,DiaNat-DB,CCC/C=C1\OC(=O)C2=C[C@H]3CC[C@]21C1C2=C(CC[C@H]13)/C(=C\CCC)OC2=O,0.0,4.0,380.48400000000015,5.127200000000005,52.6,4.0,0.0,0.0
DiaNatDB-272,DiaNat-DB,CCC/C=C1/OC(=O)C2=C1CCC=C2,0.0,2.0,190.24199999999996,2.873800000000001,26.3,2.0,0.0,0.0
DiaNatDB-273,DiaNat-DB,CCC/C=C1/OC(=O)c2ccccc21,0.0,2.0,188.226,2.998000000000001,26.3,2.0,0.0,0.0
DiaNatDB-274,DiaNat-DB,CCC(CC[C@@H](C)C1CC[C@H]2[C@@H]3CC=C4C[C@H](O)CC[C@]4(C)[C@H]3CC[C@]12C)C(C)C,1.0,1.0,414.7180000000003,8.02480000000001,20.23,6.0,0.0,0.0
DiaNatDB-275,DiaNat-DB,C=CCc1cc(-c2ccc(O)c(CC=C)c2)ccc1O,2.0,2.0,266.3399999999999,4.2218000000000035,40.46,5.0,0.0,0.0
DiaNatDB-276,DiaNat-DB,CC1=C(C)C(=O)O[C@@H]([C@@]2(C)O[C@@]34CC[C@]2(O)[C@@]3(C)CC[C@H]2[C@H]4CC=C3CC=CC(=O)[C@@]32C)C1,1.0,5.0,452.5910000000003,4.588800000000004,72.83000000000001,1.0,0.0,0.0
DiaNatDB-277,DiaNat-DB,CC1=C(C)C(=O)O[C@@H]([C@](C)(O)[C@]2(O)CC[C@@]3(O)[C@@H]4CC=C5C=CCC(=O)[C@]5(C)[C@H]4CC[C@]23C)C1,3.0,6.0,470.60600000000034,3.5432000000000023,104.06,2.0,0.0,0.0
DiaNatDB-278,DiaNat-DB,CC1=C(C)C(=O)O[C@@H]([C@](C)(O)[C@]2(O)CC[C@@]3(O)[C@@H]4CC=C5CC=CC(=O)[C@]5(C)[C@H]4CC[C@]23C)C1,3.0,6.0,470.60600000000034,3.5432000000000023,104.06,2.0,0.0,0.0
DiaNatDB-279,DiaNat-DB,CC1=C(C)C(=O)O[C@@H]([C@](C)(O)[C@]2(O)C[C@H](O)[C@@]3(O)[C@@H]4CC=C5CC=CC(=O)[C@]5(C)[C@H]4CC[C@@]32C)C1,4.0,7.0,486.60500000000036,2.5140000000000002,124.29000000000002,2.0,0.0,0.0
DiaNatDB-28,DiaNat-DB,CC1=CCC(C(C)(C)O)CC1,1.0,1.0,154.25299999999996,2.503700000000001,20.23,1.0,0.0,0.0
DiaNatDB-280,DiaNat-DB,CC1=C(C)C(=O)O[C@@H]([C@](C)(O)[C@]2(O)CC[C@@]3(O)[C@@H]4CC=C5C[C@@H](O[C@@H]6O[C@H](CO)[C@@H](O)[C@H](O)[C@H]6O)CC(=O)[C@]5(C)[C@H]4CC[C@]23C)C1,7.0,12.0,650.7619999999998,0.5622000000000011,203.44,5.0,0.0,0.0
DiaNatDB-281,DiaNat-DB,COc1ccc(-c2cc(=O)c3c(O)c(OC)c(O)cc3o2)cc1OC,2.0,7.0,344.3190000000001,2.897000000000001,98.36000000000001,4.0,0.0,0.0
DiaNatDB-282,DiaNat-DB,C[C@]1(O)C=CC(=O)[C@@]2(C)CCC3C(=O)C(=O)O[C@H]3[C@H]12,1.0,5.0,264.27699999999993,0.40329999999999977,80.67,0.0,0.0,0.0
DiaNatDB-283,DiaNat-DB,CCC(CCC(C)C1CCC2C3=CCC4C(C)C(O)CCC4(C)C3CCC21C)C(C)C,1.0,1.0,428.7450000000003,8.270800000000008,20.23,6.0,0.0,0.0
DiaNatDB-284,DiaNat-DB,CC(C)C(C)CCC(C)C1CCC2C3=CCC4C(C)C(O)CCC4(C)C3CCC21C,1.0,1.0,414.7180000000003,7.88070000000001,20.23,5.0,0.0,0.0
DiaNatDB-285,DiaNat-DB,CC(C)CCCC(C)C1CCC2C3=CCC4C(C)C(O)CCC4(C)C3CCC21C,1.0,1.0,400.69100000000026,7.634700000000009,20.23,5.0,0.0,0.0
DiaNatDB-286,DiaNat-DB,CC1CC2=C(CC1O)C(=O)c1cccc(O)c1C2=O,2.0,4.0,258.27299999999997,1.8586000000000005,74.6,0.0,0.0,0.0
DiaNatDB-287,DiaNat-DB,C=C(C)C1CCC2(C(=O)O)CCC3(C)C(CCC4C5(C)CCC(O)C(C)(C)C5CCC43C)C12,2.0,2.0,456.7110000000003,7.089500000000009,57.53,2.0,0.0,0.0
DiaNatDB-288,DiaNat-DB,C[C@@H]1O[C@@H](O[C@@H]2C[C@H](OCCc3ccc(O)c(O)c3)O[C@H](CO)[C@H]2OC(=O)C=Cc2ccc(O)c(O)c2)[C@H](O)[C@H](O)[C@H]1O,8.0,14.0,608.5930000000004,0.013300000000000034,225.05999999999997,10.0,0.0,0.0
DiaNatDB-289,DiaNat-DB,O=C(/C=C/c1ccc(O)cc1)OC[C@@H]1O[C@H](Oc2c(-c3ccc(O)cc3)oc3cc(O)cc(O)c3c2=O)[C@@H](O)[C@H](O)[C@H]1O,7.0,13.0,594.5250000000004,1.7253999999999994,216.57999999999998,7.0,0.0,0.0
DiaNatDB-29,DiaNat-DB,C=CCSSSCC=C,0.0,3.0,178.34699999999998,3.3880000000000017,0.0,6.0,0.0,0.0
DiaNatDB-290,DiaNat-DB,O=c1cc(-c2ccc(O)cc2)oc2cc(O)c([C@@H]3O[C@H](CO)[C@@H](O)[C@@H](O)[C@H]3O)c(O)c12,7.0,10.0,432.38100000000014,0.09169999999999978,181.04999999999998,3.0,0.0,0.0
DiaNatDB-291,DiaNat-DB,COc1cc2oc(-c3ccc(O)cc3)cc(=O)c2c(O)c1[C@@H]1O[C@H](CO)[C@@H](O)[C@@H](O)[C@H]1O,6.0,10.0,446.40800000000013,0.3946999999999992,170.04999999999998,4.0,0.0,0.0
DiaNatDB-292,DiaNat-DB,COc1ccc(-c2cc(=O)c3c(O)cc(OC4OCC(O)(CO)C4OC4OC(CO)C(O)C4O)cc3o2)cc1O,7.0,14.0,564.4960000000003,-0.8375000000000001,217.97,8.0,0.0,0.0
DiaNatDB-293,DiaNat-DB,COc1ccc(-c2cc(=O)c3c(O)cc(OC4OCC(O)(CO)C4O)cc3o2)cc1O,5.0,10.0,432.3810000000002,0.6991999999999998,159.05,5.0,0.0,0.0
DiaNatDB-294,DiaNat-DB,COc1c(C(=O)/C=C(\O)c2ccccc2)ccc2occc12,1.0,4.0,294.30600000000004,4.223200000000003,59.67,4.0,0.0,0.0
DiaNatDB-295,DiaNat-DB,COc1c(-c2ccccc2)oc2c(ccc3occc32)c1=O,0.0,4.0,292.29,4.214800000000003,52.580000000000005,2.0,0.0,0.0
DiaNatDB-296,DiaNat-DB,OC[C@@H]1O[C@]2(O)C(O)[C@H](O)[C@@H](CO)O[C@@]2(O)[C@H](O)[C@H]1O,8.0,10.0,298.24399999999997,-5.410599999999994,180.29999999999998,2.0,0.0,0.0
DiaNatDB-297,DiaNat-DB,COC(=O)C=Cc1ccc(O)c(O)c1,2.0,4.0,194.18599999999998,1.2839999999999998,66.76,2.0,0.0,0.0
DiaNatDB-298,DiaNat-DB,CC(=O)O[C@H]1CCC2[C@@H](CC[C@]3(C)[C@@H]2CC=C2C4[C@@H](C)[C@H](C)CC[C@]4(C)CC[C@]23C)C1(C)C,0.0,2.0,454.7390000000004,8.20550000000001,26.3,1.0,0.0,0.0
DiaNatDB-299,DiaNat-DB,COc1c(CO)c(O[C@@H]2O[C@H](CO[C@@H]3OC[C@@H](O)[C@H](O)[C@H]3O)[C@@H](O)[C@H](O)[C@H]2O)cc2c1C(=O)c1ccccc1C2=O,7.0,14.0,578.5230000000001,-2.3950999999999967,221.89999999999998,7.0,0.0,0.0
DiaNatDB-3,DiaNat-DB,O=c1c2ccccc2nc2n1CCC2O,1.0,4.0,202.21299999999997,0.8335999999999997,55.120000000000005,0.0,0.0,0.0
DiaNatDB-30,DiaNat-DB,C=CCSS/C=C/C[S+]([O-])CC=C,0.0,3.0,234.41099999999997,3.002200000000002,23.06,8.0,0.0,0.0
DiaNatDB-300,DiaNat-DB,O=C1c2ccccc2C(=O)c2c1cc(O[C@@H]1O[C@H](CO[C@@H]3OC[C@@H](O)[C@H](O)[C@H]3O)[C@@H](O)[C@H](O)[C@H]1O)c(CO)c2O,8.0,14.0,564.4960000000002,-2.6980999999999984,232.89999999999998,6.0,0.0,0.0
DiaNatDB-301,DiaNat-DB,CC1(C)CC[C@]2(C(=O)O)CC[C@]3(C)C(=CC[C@@H]4[C@@]5(C)C[C@@H](O)[C@H](O)C(C)(C)[C@@H]5CC[C@]43C)[C@@H]2C1,3.0,3.0,472.71000000000026,6.204400000000009,77.76,1.0,0.0,0.0
DiaNatDB-302,DiaNat-DB,COc1ccc(C(O)CNC(=O)/C=C/c2ccccc2)cc1,2.0,3.0,297.354,2.558200000000001,58.56,6.0,0.0,0.0
DiaNatDB-303,DiaNat-DB,C=C1CC[C@@H]2[C@](C)(CO)[C@H](O)CC[C@@]2(C)[C@@H]1CCC1=CCOC1=O,2.0,4.0,334.4560000000001,2.9918000000000013,66.75999999999999,4.0,0.0,0.0
DiaNatDB-304,DiaNat-DB,CC(C)=CC(=O)O[C@H]1Cc2cc3ccc(=O)oc3cc2OC1(C)C,0.0,5.0,328.3640000000001,3.384500000000002,65.74000000000001,2.0,0.0,0.0
DiaNatDB-305,DiaNat-DB,CC1(C)CC[C@]2(C(=O)O[C@H]3O[C@H](CO)[C@@H](O)[C@H](O)[C@H]3O)CC[C@]3(C)C(=CCC4[C@@]5(C)CC[C@H](O[C@@H]6O[C@H](C(=O)O)[C@@H](O)[C@H](O)[C@H]6O)C(C)(C)C5CC[C@]43C)C2C1,8.0,13.0,794.9760000000003,2.4086000000000016,232.89999999999998,6.0,0.0,0.0
DiaNatDB-306,DiaNat-DB,CC(=O)O[C@H]1[C@H](O[C@H]2CC[C@]34C[C@]35CC[C@]3(C)[C@@H]([C@@]6(C)CC[C@@H](C(C)(C)O)O6)[C@@H](O)C[C@@]3(C)C5C[C@H](O[C@@H]3O[C@H](CO)[C@@H](O)[C@H](O)[C@H]3O)C4C2(C)C)OC[C@@H](OC(C)=O)[C@@H]1O,7.0,16.0,869.0550000000004,1.8657000000000026,240.35999999999996,9.0,0.0,0.0
DiaNatDB-307,DiaNat-DB,CC(=O)O[C@H]1[C@H](O[C@H]2CC[C@]34C[C@]35CC[C@]3(C)[C@@H]([C@@]6(C)CC[C@@H](C(C)(C)O)O6)[C@@H](O)C[C@@]3(C)C5C[C@H](O[C@@H]3O[C@H](CO)[C@@H](O)[C@H](O)[C@H]3O)C4C2(C)C)OC[C@@H](O)[C@@H]1O,8.0,15.0,827.0180000000005,1.2949000000000035,234.28999999999996,8.0,0.0,0.0
DiaNatDB-308,DiaNat-DB,COc1c([C@H]2O[C@@H](CO)[C@H](O)[C@H](O)[C@@H]2O)cc2c(c1O)OC1C(=O)c3cc([C@@H]4O[C@H](CO)[C@@H](O)C(O)[C@H]4O)c(OC)c(O)c3OC1OC2=O,10.0,19.0,698.5830000000003,-3.336000000000001,301.04999999999995,6.0,0.0,0.0
DiaNatDB-309,DiaNat-DB,CCCCCCCCCCCCCc1ccc(/C=C2\CCC(C)O2)o1,0.0,2.0,346.5550000000001,7.672900000000008,22.37,13.0,0.0,0.0
DiaNatDB-31,DiaNat-DB,O=c1c(O)c(-c2ccc(O)c(O)c2)oc2cc(O)cc(O)c12,5.0,7.0,302.23800000000006,1.988,131.36,1.0,0.0,0.0
DiaNatDB-310,DiaNat-DB,O=C(/C=C/c1ccc(O)c(O)c1)OC[C@H]1O[C@@H](Oc2ccccc2O)[C@H](O)[C@@H](O)[C@@H]1O,6.0,10.0,434.39700000000005,0.24639999999999979,166.14000000000001,6.0,0.0,0.0
DiaNatDB-311,DiaNat-DB,O=C(OC[C@H]1O[C@@H](Oc2ccccc2O)[C@H](O)[C@@H](O)[C@@H]1O)c1cc2ccc(O)c3c2c(c1C(=O)OC[C@H]1O[C@@H](Oc2ccccc2O)[C@H](O)[C@@H](O)[C@@H]1O)-c1cc(O)c(O)cc1O3,11.0,20.0,862.7460000000005,1.2272999999999992,321.28000000000003,10.0,0.0,0.0
DiaNatDB-312,DiaNat-DB,O=C(/C=C/c1ccc(O)c(Oc2ccc(O)c(O[C@@H]3O[C@H](CO)[C@@H](O)[C@H](O)[C@H]3O)c2)c1)OC[C@H]1O[C@@H](Oc2ccccc2O)[C@H](O)[C@@H](O)[C@@H]1O,10.0,17.0,704.6340000000004,-0.7826000000000015,274.74999999999994,11.0,0.0,0.0
DiaNatDB-313,DiaNat-DB,C=C(C)[C@H](C)c1cc(/C=C/C(=O)c2ccc(O)cc2)c(OC)cc1O,2.0,4.0,338.4030000000001,4.682100000000005,66.76,6.0,0.0,0.0
DiaNatDB-314,DiaNat-DB,COC(=O)C1=C[C@@H](O)C[C@@H]2C1[C@H](O)C[C@H]1C(=O)O[C@H](C3=COCC3)CC21C,2.0,7.0,378.4210000000002,1.089599999999999,102.29000000000002,2.0,0.0,0.0
DiaNatDB-315,DiaNat-DB,C[C@@]12C[C@@H](c3ccoc3)OC(=O)[C@@H]1C[C@@H]1OC(=O)[C@@]3(O)[C@@H](O[C@@H]4O[C@H](CO)[C@@H](O)[C@H](O)[C@H]4O)CC[C@@H]2[C@@]13C,5.0,12.0,538.5460000000002,-0.44829999999999925,185.35,4.0,0.0,0.0
DiaNatDB-316,DiaNat-DB,COC(=O)C1=CCC[C@H]2[C@]3(C)C[C@@H](c4ccoc4)OC(=O)[C@@H]3C[C@H](O[C@@H]3OC(CO)[C@@H](O)[C@H](O)[C@H]3O)[C@@]12C,4.0,11.0,536.5740000000002,0.9945999999999993,165.12,5.0,0.0,0.0
DiaNatDB-317,DiaNat-DB,COc1c(C)c(O)c(C)c(O)c1C(=O)/C=C/c1ccccc1,2.0,4.0,298.33799999999997,3.619340000000002,66.75999999999999,4.0,0.0,0.0
DiaNatDB-318,DiaNat-DB,C/C=C(\C)C(=O)O[C@H]1C(C)(C)[C@H](CC(=O)OC)[C@]2(C)C(=O)[C@@]1(O)C=C1C3CC(=O)O[C@@H](c4ccoc4)[C@]3(C)CCC12,1.0,9.0,568.6630000000001,4.643700000000004,129.34000000000003,5.0,0.0,0.0
DiaNatDB-319,DiaNat-DB,C/C=C(\C)C(=O)O[C@@H]1[C@@H]2C=C3[C@@H]4CC(=O)O[C@@H](c5ccoc5)[C@]4(C)CC[C@@H]3[C@@](C)(C2=O)[C@@H]([C@@H](O)C(=O)OC)C1(C)C,1.0,9.0,568.6630000000002,4.4996000000000045,129.34,5.0,0.0,0.0
DiaNatDB-32,DiaNat-DB,O=c1c(-c2ccc(O)cc2)coc2cc(O)ccc12,2.0,4.0,254.24099999999999,2.871200000000001,70.67,1.0,0.0,0.0
DiaNatDB-320,DiaNat-DB,O=C(O)/C=C/c1ccccc1,1.0,1.0,148.161,1.7844,37.3,2.0,0.0,0.0
DiaNatDB-321,DiaNat-DB,O=C1OC[C@@H]2OC(=O)c3cc(O)c(O)c(O)c3-c3c(O)c(O)c(O)c4c3C(=O)O[C@@H]([C@H]3OC(=O)c5c-4c(O)c(O)c(O)c5[C@@H]3O)[C@@H]2OC(=O)c2cc(O)c(O)c(O)c2-c2c1cc(O)c(O)c2O,16.0,26.0,934.6330000000005,1.3180000000000027,455.1800000000001,0.0,0.0,0.0
DiaNatDB-322,DiaNat-DB,COC(=O)C(CCC=C(C)C)[C@H]1CC[C@@]2(C)C3CC[C@H]4C(C)(C)[C@@H](O)CC[C@]4(C)C3=CC[C@]12C,1.0,3.0,470.73800000000034,7.48810000000001,46.53,5.0,0.0,0.0
DiaNatDB-323,DiaNat-DB,CC(=O)OCC1O[C@@H](O[C@H]2C(C)O[C@H](Oc3c(-c4ccc(O)cc4)oc4cc(O)cc(O)c4c3=O)[C@@H](O)C2O)C(O)C(O)[C@@H]1O,8.0,16.0,636.5590000000005,-0.8219000000000003,255.26999999999995,7.0,0.0,0.0
DiaNatDB-324,DiaNat-DB,O=C(O)c1cc(O)c(O)c(O)c1Oc1cc2c(=O)oc3c(O)c(O)cc4c(=O)oc(c1O)c2c34,7.0,12.0,470.29800000000023,2.2144999999999997,228.32999999999996,3.0,0.0,0.0
DiaNatDB-325,DiaNat-DB,OC[C@H]1O[C@@H](O[C@@H]2OC=C[C@H]3[C@H](O)[C@@H]4O[C@]4(CO)[C@@H]23)[C@H](O)[C@@H](O)[C@@H]1O,6.0,10.0,362.331,-3.590299999999998,161.6,4.0,0.0,0.0
DiaNatDB-326,DiaNat-DB,COc1ccc(/C=C/c2cc(O)cc(O[C@@H]3O[C@H](CO)[C@@H](O)[C@H](O)[C@H]3O)c2)cc1O,6.0,9.0,420.4140000000001,0.45549999999999985,149.07,6.0,0.0,0.0
DiaNatDB-327,DiaNat-DB,C[C@@H]1CCC2(C(=O)O[C@@H]3O[C@H](CO)[C@@H](O)[C@H](O)[C@H]3O)CC[C@]3(C)C(=CCC4[C@@]5(C)CCC(O[C@@H]6OC[C@H](O)[C@H](O)[C@H]6O)C(C)(C)C5CC[C@]43C)C2[C@]1(C)O,8.0,13.0,766.9660000000003,1.926200000000001,215.82999999999998,5.0,0.0,0.0
DiaNatDB-328,DiaNat-DB,COC(=O)C12CC[C@@H](C)[C@@](C)(O)[C@H]1C1=CCC3[C@@]4(C)CCC(O[C@@H]5OC[C@H](O)[C@H](O)[C@H]5O)C(C)(C)C4CC[C@@]3(C)[C@]1(C)CC2,4.0,8.0,618.852,4.7561000000000035,125.68000000000002,3.0,0.0,0.0
DiaNatDB-329,DiaNat-DB,C=C1CC(O)C2[C@](C)(CCC[C@@]2(C)C(=O)O)C1CCO,3.0,3.0,282.38,2.2031000000000005,77.76,3.0,0.0,0.0
DiaNatDB-33,DiaNat-DB,O=c1c(-c2ccc(O)cc2)coc2cc(O)cc(O)c12,3.0,5.0,270.24,2.576800000000001,90.9,1.0,0.0,0.0
DiaNatDB-330,DiaNat-DB,C=C1C(=O)OC2C=C(C)CCC=C(C(=O)OC)C(O)C(OC(=O)C(C)=CC)C12,1.0,7.0,390.4320000000001,2.1626000000000003,99.13000000000002,3.0,0.0,0.0
DiaNatDB-331,DiaNat-DB,O=C(O)C1C[C@H](O)CCN1,3.0,3.0,145.15800000000002,-0.8161,69.56,1.0,0.0,0.0
DiaNatDB-332,DiaNat-DB,CC1(C)C=C2C3CCC4[C@@]5(C)CC[C@H](O)C(C)(C)C5CC[C@@]4(C)[C@]3(C)CCC2(C(=O)O)CC1,2.0,2.0,456.7110000000004,7.233600000000007,57.53,1.0,0.0,0.0
DiaNatDB-333,DiaNat-DB,CC1=CC(=O)c2c(O)cccc2C1=O,1.0,3.0,188.182,1.7175,54.37,0.0,0.0,0.0
DiaNatDB-334,DiaNat-DB,CC(C)(O)/C=C/CCCC1CC[C@@]2(C)C3CCC4C(C)(C)C(O)CCC45CC35CC[C@]12C,2.0,2.0,442.72800000000035,7.283800000000009,40.46,5.0,0.0,0.0
DiaNatDB-335,DiaNat-DB,CCc1cc(-c2c(O)cc(O)c3c(=O)c(O)c(-c4ccc(OC)c(O)c4O)oc23)c(O)c2c(=O)cc(-c3ccc(OC)c(O)c3)oc12,7.0,13.0,642.5690000000003,5.419200000000007,220.49,6.0,0.0,0.0
DiaNatDB-336,DiaNat-DB,O=C(/C=C/c1ccc(O)cc1)OC[C@H]1O[C@H](Oc2c(-c3ccc(O)cc3)oc3cc(O)cc(O)c3c2=O)C(O)[C@@H](O)[C@@H]1O,7.0,13.0,594.5250000000004,1.7253999999999994,216.57999999999998,7.0,0.0,0.0
DiaNatDB-337,DiaNat-DB,CC(C)=CCC[C@]1(C)C=Cc2c(c(C)cc3c2[nH]c2cc(O)ccc23)O1,2.0,2.0,347.4580000000001,6.245820000000006,45.25,3.0,0.0,0.0
DiaNatDB-338,DiaNat-DB,CC(C)=CCCC1(C)C=Cc2c(c(C)cc3c2[nH]c2ccccc23)O1,1.0,1.0,331.45900000000006,6.540220000000006,25.02,3.0,0.0,0.0
DiaNatDB-339,DiaNat-DB,COc1cc(/C=C/CO)cc(OC)c1O[C@@H]1O[C@H](CO)[C@@H](O)[C@@H](O)[C@H]1O,5.0,9.0,372.37000000000006,-1.1120000000000008,138.07000000000002,7.0,0.0,0.0
DiaNatDB-34,DiaNat-DB,O=c1cc(-c2ccc(O)cc2)oc2cc(O)cc(O)c12,3.0,5.0,270.24,2.576800000000001,90.9,1.0,0.0,0.0
DiaNatDB-340,DiaNat-DB,O=C1C=C(c2ccc(O)c(O)c2)C2C(=CC(O)=CC2O[C@@H]2O[C@H](CO)[C@H](O)[C@@H](O)[C@H]2O)O1,7.0,11.0,450.39600000000013,-0.8213000000000004,186.36999999999998,4.0,0.0,0.0
DiaNatDB-35,DiaNat-DB,COc1ccc(-c2cc(=O)c3c(O)cc(O[C@@H]4O[C@@H](CO[C@@H]5O[C@@H](C)[C@H](O)[C@@H](O)[C@H]5O)[C@@H](O)[C@H](O)[C@H]4O)cc3o2)cc1O,8.0,15.0,608.5490000000002,-1.0897,238.19999999999996,7.0,0.0,0.0
DiaNatDB-36,DiaNat-DB,O=c1c(O)c(-c2ccc(O)cc2)oc2cc(O)cc(O)c12,4.0,6.0,286.23900000000003,2.2824000000000004,111.13000000000001,1.0,0.0,0.0
DiaNatDB-37,DiaNat-DB,O=C1C[C@@H](c2ccc(O)c(O)c2)Oc2cc(O)cc(O)c21,4.0,6.0,288.25500000000005,2.215500000000001,107.22000000000001,1.0,0.0,0.0
DiaNatDB-38,DiaNat-DB,O=C1C[C@@H](c2ccc(O)cc2)Oc2cc(O)cc(O)c21,3.0,5.0,272.25600000000003,2.5099000000000014,86.99000000000001,1.0,0.0,0.0
DiaNatDB-39,DiaNat-DB,COc1cc(O[C@H]2OC[C@@H](O[C@@H]3OC[C@H](O)[C@H](O)[C@@H]3O)[C@@H](O)[C@H]2O)c2c(=O)c3c(O)c(O)ccc3oc2c1,7.0,14.0,538.4580000000002,-1.352899999999999,217.96999999999997,5.0,0.0,0.0
DiaNatDB-40,DiaNat-DB,COc1ccc([C@@H]2CC(=O)c3c(O)cc(O[C@@H]4O[C@H](CO[C@@H]5O[C@@H](C)[C@H](O)[C@@H](O)[C@H]5O)[C@@H](O)[C@H](O)[C@H]4O)cc3O2)cc1O,8.0,15.0,610.5650000000002,-1.1566,234.28999999999996,7.0,0.0,0.0
DiaNatDB-41,DiaNat-DB,O=c1cc(-c2ccccc2)oc2cc(O)c(O)c(O)c12,3.0,5.0,270.24,2.576800000000001,90.9,1.0,0.0,0.0
DiaNatDB-42,DiaNat-DB,O=c1cc(-c2ccccc2)oc2cc(O)cc(O)c12,2.0,4.0,254.24099999999999,2.8712000000000013,70.67,1.0,0.0,0.0
DiaNatDB-43,DiaNat-DB,Oc1cc(O)c2c(c1)O[C@H](c1ccc(O)c(O)c1)[C@@H](O)C2,5.0,6.0,290.271,1.5460999999999998,110.38000000000001,1.0,0.0,0.0
DiaNatDB-44,DiaNat-DB,O=c1c(O)c(-c2ccc(O)cc2O)oc2cc(O)cc(O)c12,5.0,7.0,302.23800000000006,1.987999999999999,131.36,1.0,0.0,0.0
DiaNatDB-45,DiaNat-DB,COc1ccc(/C=C/C(=O)CC(=O)/C=C/c2ccc(O)c(OC)c2)cc1O,2.0,6.0,368.38500000000005,3.3699000000000026,93.06000000000002,8.0,0.0,0.0
DiaNatDB-46,DiaNat-DB,COc1cc2c(c(OC)c1OC)-c1ccc(OC)c(=O)cc1[C@@H](NC(C)=O)CC2,1.0,6.0,399.4430000000002,2.871600000000001,83.09,5.0,0.0,0.0
DiaNatDB-47,DiaNat-DB,Oc1ccc(/C=C/c2cc(O)cc(O)c2)cc1,3.0,3.0,228.247,2.9738000000000016,60.69,2.0,0.0,0.0
DiaNatDB-48,DiaNat-DB,Cc1cc(O)c2c(c1)C(=O)c1cc(O)cc(O)c1C2=O,3.0,5.0,270.24,1.8872199999999997,94.83000000000001,0.0,0.0,0.0
DiaNatDB-49,DiaNat-DB,Oc1cc(O)c2c(c1)O[C@H](c1ccc(O)c(O)c1)[C@H](O)[C@H]2c1c(O)cc(O)c2c1O[C@H](c1ccc(O)c(O)c1)[C@@H](O)C2,10.0,12.0,578.5260000000003,2.9950000000000028,220.75999999999996,3.0,0.0,0.0
DiaNatDB-5,DiaNat-DB,OC1CCN2Cc3ccccc3N=C12,1.0,3.0,188.23,1.2968000000000002,35.83,0.0,0.0,0.0
DiaNatDB-50,DiaNat-DB,O=C(O)c1cc(O)c(O)c(O)c1,4.0,4.0,170.11999999999998,0.5015999999999998,97.99000000000001,1.0,0.0,0.0
DiaNatDB-51,DiaNat-DB,C[C@@H]1O[C@@H](OC[C@H]2O[C@@H](Oc3c(-c4ccc(O)c(O)c4)oc4cc(O)cc(O)c4c3=O)[C@H](O)[C@@H](O)[C@@H]2O)[C@H](O)[C@H](O)[C@H]1O,10.0,16.0,610.5210000000004,-1.6871000000000003,269.42999999999995,6.0,0.0,0.0
DiaNatDB-52,DiaNat-DB,OC[C@H]1O[C@@H](Oc2cc(O)cc3[o+]c(-c4cc(O)c(O)c(O)c4)c(O[C@H]4O[C@H](CO)[C@@H](O)[C@H](O)[C@H]4O[C@H]4OC[C@@H](O)[C@H](O)[C@H]4O)cc23)[C@H](O)[C@@H](O)[C@@H]1O,14.0,20.0,759.6430000000006,-3.9759999999999995,349.9,9.0,0.0,0.0
DiaNatDB-53,DiaNat-DB,C[C@@H](O)[C@@H](O)[C@@H]([C@@H](O)C=O)N(C)C,3.0,5.0,191.22699999999998,-1.781899999999999,80.99999999999999,5.0,0.0,0.0
DiaNatDB-54,DiaNat-DB,O=c1oc2c(O)c(O)cc3c(=O)oc4c(O)c(O)cc1c4c23,4.0,8.0,302.194,1.3127999999999997,141.34,0.0,0.0,0.0
DiaNatDB-55,DiaNat-DB,Oc1cc(O)c2cc(O)c(-c3ccc(O)c(O)c3)[o+]c2c1,5.0,5.0,287.247,2.908900000000001,112.45,1.0,0.0,0.0
DiaNatDB-56,DiaNat-DB,Oc1cc(O)c2c(c1)O[C@H](c1ccc(O)c(O)c1)[C@H](O)C2,5.0,6.0,290.271,1.5460999999999998,110.38000000000001,1.0,0.0,0.0
DiaNatDB-57,DiaNat-DB,C[C@@H]1C[C@@H](OC[C@H]2C[C@@H](Oc3cc(O)c4c(c3)OC(c3ccc(O)cc3)CC4=O)[C@H](O)[C@@H](O)[C@@H]2O)[C@H](O)[C@H](O)[C@H]1O,8.0,12.0,576.5950000000004,0.16199999999999914,206.59999999999997,6.0,0.0,0.0
DiaNatDB-59,DiaNat-DB,O=C(CCc1ccc(O)cc1)c1c(O)cc(O)cc1O[C@@H]1O[C@H](CO)[C@@H](O)[C@H](O)[C@H]1O,7.0,10.0,436.4130000000001,-0.2024000000000002,177.14,7.0,0.0,0.0
DiaNatDB-6,DiaNat-DB,C=C(C)C(=O)O[C@H]1CC(C)=C2C(=O)C=C(CO)[C@@H]2[C@H]2OC(=O)C(=C)[C@@H]21,1.0,6.0,344.3630000000001,1.4099,89.9,3.0,0.0,0.0
DiaNatDB-60,DiaNat-DB,O=C(CCc1ccc(O)cc1)c1c(O)cc(O)cc1O,4.0,5.0,274.272,2.324500000000001,97.99000000000001,4.0,0.0,0.0
DiaNatDB-61,DiaNat-DB,COc1cc(-c2oc3cc(O)cc(O)c3c(=O)c2O)ccc1O,4.0,7.0,316.265,2.291000000000001,120.36000000000001,2.0,0.0,0.0
DiaNatDB-62,DiaNat-DB,O=C(/C=C/c1ccc(O)c(O)c1)O[C@@H]1C[C@](O)(C(=O)O)C[C@@H](O)[C@H]1O,6.0,8.0,354.31100000000004,-0.6459000000000001,164.75,4.0,0.0,0.0
DiaNatDB-63,DiaNat-DB,Oc1cc(O)c2cc(O[C@@H]3OC[C@H](O)[C@H](O)[C@H]3O)c(-c3cc(O)c(O)c(O)c3)[o+]c2c1,8.0,10.0,435.36100000000016,0.7266999999999988,191.6,3.0,0.0,0.0
DiaNatDB-64,DiaNat-DB,Oc1ccc(-c2[o+]c3cc(O)cc(O)c3cc2O)cc1,4.0,4.0,271.248,3.2033000000000005,92.22000000000001,1.0,0.0,0.0
DiaNatDB-65,DiaNat-DB,OC[C@H]1OC(Oc2cc3c(O)cc(O)cc3[o+]c2-c2ccc(O)c(O)c2)C(O)C(O)C1O,8.0,10.0,449.3880000000001,0.38199999999999973,191.59999999999997,4.0,0.0,0.0
DiaNatDB-66,DiaNat-DB,CCCCCCCCCC/C=C/CCCCCC(=O)O,1.0,1.0,282.46799999999996,6.1085000000000065,37.3,15.0,0.0,0.0
DiaNatDB-67,DiaNat-DB,CCCCCCC/C=C/C/C=C/CCCCCC(=O)OC,0.0,2.0,294.479,5.972900000000006,26.3,14.0,0.0,0.0
DiaNatDB-68,DiaNat-DB,CCCCC[C@H](O)CC(=O)CCc1ccc(O)c(OC)c1,2.0,4.0,294.391,3.2338000000000022,66.76,10.0,0.0,0.0
DiaNatDB-69,DiaNat-DB,COc1cc(C2OCC3C(c4ccc(O)c(OC)c4)OCC23)ccc1O,2.0,6.0,358.3900000000001,3.190200000000002,77.38000000000001,4.0,0.0,0.0
DiaNatDB-7,DiaNat-DB,O=c1ccc2ccc(O)cc2o1,1.0,3.0,162.14399999999998,1.4986,50.44,0.0,0.0,0.0
DiaNatDB-70,DiaNat-DB,COc1cc(/C=C/C(=O)CC(=O)/C=C/c2ccc(O)cc2)ccc1O,2.0,5.0,338.35900000000004,3.361300000000002,83.83000000000001,7.0,0.0,0.0
DiaNatDB-71,DiaNat-DB,O=C(/C=C/c1ccc(O)cc1)CC(=O)/C=C/c1ccc(O)cc1,2.0,4.0,308.333,3.3527000000000022,74.6,6.0,0.0,0.0
DiaNatDB-72,DiaNat-DB,CC(C)=CC(=O)C[C@H](C)c1ccc(C)cc1,0.0,1.0,216.324,4.023920000000003,17.07,4.0,0.0,0.0
DiaNatDB-73,DiaNat-DB,OC[C@H]1O[C@@H](Oc2cc(O)cc(-c3cc4ccc(O)cc4o3)c2)[C@H](O)[C@@H](O)[C@@H]1O,6.0,9.0,404.3710000000001,0.6896999999999991,152.98,4.0,0.0,0.0
DiaNatDB-74,DiaNat-DB,CC(C)=CCc1c(O)ccc2cc(-c3cc(O)c([C@@H]4C=C(C)C[C@@H](c5ccc(O)cc5O)[C@@H]4C(=O)c4ccc(O)cc4O)c(O)c3)oc12,7.0,9.0,648.7080000000004,8.264199999999999,171.82,7.0,0.0,0.0
DiaNatDB-75,DiaNat-DB,O=c1c(O[C@@H]2O[C@H](CO)[C@@H](O)[C@H](O)[C@H]2O)c(-c2ccc(O)cc2)oc2cc(O)cc(O)c12,7.0,11.0,448.3800000000002,-0.24449999999999966,190.27999999999997,4.0,0.0,0.0
DiaNatDB-76,DiaNat-DB,C=C1C(=O)O[C@H]2[C@H]1[C@H](OC(=O)[C@@]1(C)O[C@H]1C)[C@@H](OC(C)=O)/C(C(=O)OC)=C\CC[C@@]1(C)O[C@H]21,0.0,10.0,464.4670000000003,1.1557999999999997,130.26,4.0,0.0,0.0
DiaNatDB-77,DiaNat-DB,C[C@@H]1O[C@@H](Oc2cc(O)c3c(=O)c(O[C@@H]4O[C@@H](C)[C@H](O)[C@@H](O)[C@H]4O)c(-c4ccc(O)cc4)oc3c2)[C@H](O)[C@H](O)[C@H]1O,8.0,14.0,578.5230000000003,-0.7162000000000002,228.96999999999994,5.0,0.0,0.0
DiaNatDB-78,DiaNat-DB,[H]/N=C(\N)NCC=C(C)C,3.0,1.0,127.19099999999999,0.4356699999999998,61.900000000000006,2.0,0.0,0.0
DiaNatDB-79,DiaNat-DB,C=C(C)[C@@H]1CC[C@]2(CO)CC[C@]3(C)[C@H](CC[C@@H]4[C@@]5(C)CCC(O)C(C)(C)[C@@H]5CC[C@]43C)[C@@H]12,2.0,2.0,442.7280000000003,6.997200000000009,40.46,2.0,0.0,0.0
DiaNatDB-8,DiaNat-DB,OCCc1ccc(O)c(O)c1,3.0,3.0,154.165,0.6325999999999998,60.69,2.0,0.0,0.0
DiaNatDB-80,DiaNat-DB,O=c1c(O[C@@H]2O[C@H](CO)[C@@H](O)C(O)[C@H]2O[C@@H]2O[C@H](CO)[C@@H](O)[C@H](O)[C@H]2O)c(-c2ccc(O[C@@H]3OC(CO)[C@@H](O)[C@H](O)[C@H]3O)cc2)oc2cc(O)cc(O)c12,13.0,21.0,772.6620000000005,-4.947199999999985,348.58,10.0,0.0,0.0
DiaNatDB-81,DiaNat-DB,CC(=O)O[C@H]1CC[C@@]2(C)C(CC[C@]3(C)C2CC=C2[C@@H]4CC(C)(C)CC[C@]4(C(=O)O)CC[C@]23C)C1(C)C,1.0,3.0,498.74800000000045,7.804400000000009,63.60000000000001,2.0,0.0,0.0
DiaNatDB-82,DiaNat-DB,O=c1oc2cc(O)c(CC=C(CO)CO)cc2cc1-c1cc2c(cc1O)OCO2,4.0,8.0,398.3670000000002,2.0534,129.59,5.0,0.0,0.0
DiaNatDB-83,DiaNat-DB,O=C(O)Cc1ccc(O)cc1,2.0,2.0,152.149,1.0192999999999999,57.53,2.0,0.0,0.0
DiaNatDB-84,DiaNat-DB,COc1cc(/C=C/c2ccc(O[C@H]3O[C@H](CO)[C@@H](O)[C@H](O)[C@H]3O)cc2)oc(=O)c1,4.0,9.0,406.38700000000006,-0.002500000000000613,138.82000000000002,6.0,0.0,0.0
DiaNatDB-85,DiaNat-DB,COc1cc(/C=C/c2ccc(O[C@H]3O[C@H](CO[C@H]4O[C@H](CO)[C@@H](O)C(O)[C@H]4O)[C@@H](O)[C@H](O)[C@H]3O)cc2)oc(=O)c1,7.0,14.0,568.5280000000001,-2.1782999999999975,217.96999999999997,9.0,0.0,0.0
DiaNatDB-86,DiaNat-DB,COc1cc(O[C@@H]2O[C@H](CO[C@@H]3OC[C@@](O)(CO)C3O)[C@@H](O)C(O)[C@H]2O)c2c(-c3ccc(O)c(O)c3)cc(=O)oc2c1,8.0,15.0,594.5220000000002,-1.4765999999999986,238.2,8.0,0.0,0.0
DiaNatDB-87,DiaNat-DB,C[C@@H]1C(=O)C=C2[C@H]1CN(C)C[C@@H]2C,0.0,2.0,179.26299999999998,1.3293,20.310000000000002,0.0,0.0,0.0
DiaNatDB-88,DiaNat-DB,COC(=O)C[C@H]1C(C)(C)[C@H](OC(C)=O)[C@]2(O)C=C3C4CC(=O)O[C@@H](c5ccoc5)[C@]4(C)CCC3[C@@]1(C)C2=O,1.0,9.0,528.5980000000004,3.6974000000000027,129.34,4.0,0.0,0.0
DiaNatDB-89,DiaNat-DB,COC(=O)C[C@H]1C(C)(C)[C@H](OC(C)=O)[C@@]2(O)C(=O)[C@]1(C)C1CC[C@]3(C)C(CC(=O)O[C@H]3c3ccoc3)[C@]13O[C@@H]32,1.0,10.0,544.5970000000004,2.9086000000000007,141.87,4.0,0.0,0.0
DiaNatDB-9,DiaNat-DB,O=C/C=C/c1ccccc1,0.0,1.0,132.16199999999998,1.8987,17.07,2.0,0.0,0.0
DiaNatDB-90,DiaNat-DB,COc1ccc(-c2cc(=O)c3c(O)cc(O)cc3o2)cc1,2.0,5.0,284.267,2.8798000000000012,79.9,2.0,0.0,0.0
DiaNatDB-91,DiaNat-DB,COc1ccc(-c2cc(=O)c3c(O)cc(O)cc3o2)cc1O,3.0,6.0,300.266,2.5854000000000004,100.13000000000001,2.0,0.0,0.0
DiaNatDB-92,DiaNat-DB,COc1cc(-c2cc(=O)c3c(O)c(O)c(OC)cc3o2)ccc1Oc1ccc(-c2cc(=O)c3c(O)c(O)c(OC)cc3o2)cc1OC,4.0,13.0,642.5690000000002,5.8825000000000065,187.48999999999998,8.0,0.0,0.0
DiaNatDB-93,DiaNat-DB,C[C@@H]1CC[C@@]23COC(=O)C2=C[C@@H](O[C@@H]2O[C@H](CO)[C@@H](O)[C@H](O)[C@H]2O)CC3[C@@]1(C)CCc1ccoc1,4.0,9.0,492.5650000000003,1.3229999999999995,138.82000000000002,6.0,0.0,0.0
DiaNatDB-94,DiaNat-DB,COc1cc2oc(-c3ccc(O)c(O)c3)cc(=O)c2c(O)c1O,4.0,7.0,316.26500000000004,2.2910000000000013,120.36000000000001,2.0,0.0,0.0
DiaNatDB-95,DiaNat-DB,OC[C@H]1NC[C@H](O)[C@@H]1O,4.0,4.0,133.147,-2.3276999999999988,72.72,1.0,0.0,0.0
DiaNatDB-96,DiaNat-DB,CC1(C)[C@@H](O)CC[C@]2(C)[C@H]3C(=O)C=C4[C@@H]5C[C@@](C)(C(=O)O)CC[C@]5(C)CC[C@@]4(C)[C@]3(C)CC[C@@H]12,2.0,3.0,470.6940000000004,6.412600000000007,74.6,1.0,0.0,0.0
DiaNatDB-97,DiaNat-DB,OC[C@H]1NC[C@@H](O)[C@@H](O)[C@@H]1O,5.0,5.0,163.173,-2.9667999999999988,92.95,1.0,0.0,0.0
DiaNatDB-98,DiaNat-DB,OC[C@H]1NC[C@H](O)[C@@H](O)[C@@H]1O,5.0,5.0,163.173,-2.9667999999999988,92.95,1.0,0.0,0.0
DiaNatDB-99,DiaNat-DB,OC[C@H]1N[C@H](CO)[C@@H](O)[C@@H]1O,5.0,5.0,163.173,-2.9667999999999988,92.95,2.0,0.0,0.0
162866484,SG-accumulated,C[C@H](CO)c1c(O)c(O[C@@H]2O[C@H](COS(=O)(=O)O)[C@@H](O)[C@H](O)[C@H]2O)c2c3c(cc(CO)cc13)OC2,7.0,12.0,518.4930000000002,-0.9683000000000002,212.66999999999996,8.0,0.0,0.0
5282102,SG-accumulated,O=c1c(O[C@@H]2O[C@H](CO)[C@@H](O)[C@H](O)[C@H]2O)c(-c2ccc(O)cc2)oc2cc(O)cc(O)c12,7.0,11.0,448.3800000000002,-0.24449999999999966,190.27999999999997,4.0,0.0,0.0
447791,SG-accumulated,CCCCCCCCCCCCCCC(=O)O[C@H](COC(=O)CCCCCCCCCCCC)COP(=O)(O)O,2.0,6.0,592.7950000000008,8.952900000000001,119.36000000000001,30.0,0.0,0.0
311,SG-accumulated,O=C(O)CC(O)(CC(=O)O)C(=O)O,4.0,4.0,192.123,-1.2484999999999995,132.13,5.0,0.0,0.0
5793,SG-accumulated,OC[C@H]1OC(O)[C@H](O)[C@@H](O)[C@@H]1O,5.0,6.0,180.156,-3.2214000000000005,110.38000000000001,1.0,0.0,0.0
441574,SG-accumulated,CCCCC[C@H]1CCC(=O)O1,0.0,2.0,156.225,2.2723000000000004,26.3,4.0,0.0,0.0
23642717,SG-accumulated,COc1c(O)c(C)cc2c1C(=O)C(=O)C=C2C(C)C,1.0,4.0,260.289,2.5140200000000004,63.6,2.0,0.0,0.0
163033482,SG-accumulated,COc1cccc(OC)c1[C@@H]1OC[C@@H]2[C@H]1CO[C@H]2c1c(OC)cccc1OC,0.0,6.0,386.44400000000013,3.7962000000000025,55.38000000000001,6.0,0.0,0.0
439341,SG-accumulated,OC[C@H]1O[C@H](O[C@H]2[C@H](O)[C@@H](O)[C@@H](O)O[C@@H]2CO)[C@H](O)[C@@H](O)[C@@H]1O,8.0,11.0,342.297,-5.397199999999993,189.52999999999997,4.0,0.0,0.0
444539,SG-accumulated,O=C(O)/C=C/c1ccccc1,1.0,1.0,148.161,1.7844,37.3,2.0,0.0,0.0
102430,SG-accumulated,CCCCCCCCCCCCCCCCCCCCCCC(O)C(=O)O,2.0,2.0,384.6450000000001,7.643900000000009,57.53,22.0,0.0,0.0
129847920,SG-accumulated,CCCCCCCC/C(=C\C(=O)CCCCCCCC(=O)OC)OC,0.0,4.0,354.5310000000001,5.740100000000006,52.60000000000001,17.0,0.0,0.0
11354754,SG-accumulated,CC1(C)CC[C@]2(C(=O)O)CC[C@]3(COC(=O)/C=C/c4ccc(O)c(O)c4)C(=CC[C@@H]4[C@@]5(C)CC[C@H](OC(=O)/C=C/c6ccc(O)cc6)C(C)(C)[C@@H]5CC[C@]43C)[C@@H]2C1,4.0,8.0,780.9989999999999,9.851399999999998,150.59,8.0,0.0,0.0
5274625,SG-accumulated,COc1cc(/C=C/C(=O)O[C@H]2CC[C@@]3(C)C(CC[C@]4(C)C3CC=C3[C@@H]5CC(C)(C)CC[C@]5(C(=O)O)CC[C@]34COC(=O)/C=C/c3ccc(O)c(O)c3)C2(C)C)ccc1O,4.0,9.0,811.0250000000003,9.859999999999996,159.82,9.0,0.0,0.0
57172986,SG-accumulated,O=C(O)CCCCCCCCCCCCCCCCC(O)(O)O,4.0,4.0,332.48099999999994,3.9433000000000056,97.99000000000001,17.0,0.0,0.0
11953803,SG-accumulated,COc1cc2c(cc1O[C@@H]1O[C@H](CO)[C@@H](O)[C@H](O)[C@H]1O)OC(=O)CC2,4.0,9.0,356.32700000000017,-1.2745000000000004,134.91000000000003,4.0,0.0,0.0
5320006,SG-accumulated,CC1(C)CCC2=C(O1)C(=O)c1c(O)cccc1C2=O,1.0,4.0,258.273,2.614300000000001,63.6,0.0,0.0,0.0
323,SG-accumulated,O=c1ccc2ccccc2o1,0.0,2.0,146.14499999999998,1.793,30.21,0.0,0.0,0.0
6441104,SG-accumulated,CC(=O)OC(C)(C)/C=C/C(=O)[C@](C)(O)[C@H]1[C@H](O)C[C@@]2(C)[C@@H]3CC=C4[C@@H](C[C@H](O[C@@H]5O[C@H](CO)[C@@H](O)[C@H](O)[C@H]5O)C(=O)C4(C)C)[C@]3(C)C(=O)C[C@]12C,6.0,13.0,720.8530000000001,1.3235000000000001,217.35,8.0,0.0,0.0
11692717,SG-accumulated,C=C(C)[C@@H]1CC[C@]2(C(=O)O)CC[C@]3(COC(=O)c4ccccc4)[C@H](CC[C@@H]4[C@@]5(C)CC[C@H](O)C(C)(C)[C@@H]5CC[C@]43C)[C@@H]12,2.0,4.0,576.8180000000001,7.92660000000001,83.83,5.0,0.0,0.0
8103,SG-accumulated,CCCCCCO,1.0,1.0,102.17699999999999,1.559,20.23,4.0,0.0,0.0
10508776,SG-accumulated,O=C(/C=C/c1ccc(O[C@@H]2O[C@H](CO)[C@@H](O)[C@H](O)[C@H]2O)c(O)c1)O[C@@H](Cc1ccc(O[C@@H]2O[C@H](CO)[C@@H](O)[C@H](O)[C@H]2O)c(O)c1)C(=O)O,11.0,17.0,684.6000000000006,-3.2924999999999978,302.81999999999994,12.0,0.0,0.0
12088,SG-accumulated,O=Cc1ccc(C(=O)O)cc1,1.0,2.0,150.13299999999998,1.1973,54.370000000000005,2.0,0.0,0.0
163195750,SG-accumulated,C=Cc1coc(CCCC)c1,0.0,1.0,150.221,3.265200000000002,13.14,4.0,0.0,0.0
44552029,SG-accumulated,COC(=O)[C@H]1O[C@@H](Oc2cc(O)c3c(=O)c(O[C@H]4O[C@@H](CO)[C@H](O)[C@@H](O)[C@@H]4OC(=O)/C=C/c4ccc(O)c(O)c4)c(-c4ccc(O)cc4)oc3c2)[C@H](O)[C@@H](O)[C@@H]1O,10.0,20.0,800.6750000000004,-0.9152000000000009,322.03000000000003,10.0,0.0,0.0
44552030,SG-accumulated,COC(=O)[C@H]1O[C@@H](Oc2cc(O)c3c(=O)c(O[C@H]4O[C@@H](CO)[C@H](O)[C@@H](O)[C@@H]4O)c(-c4ccc(O)cc4)oc3c2)[C@H](O)[C@@H](O)[C@@H]1O,9.0,17.0,638.5310000000003,-2.5906999999999987,275.5,7.0,0.0,0.0
798,SG-accumulated,c1ccc2[nH]ccc2c1,1.0,0.0,117.15099999999997,2.1678999999999995,15.79,0.0,0.0,0.0
12097,SG-accumulated,Cc1ccc(C=O)o1,0.0,2.0,110.112,1.40052,30.21,1.0,0.0,0.0
107526,SG-accumulated,O=C[C@H](O)[C@@H](O)[C@H](O)[C@H](O)CO,5.0,6.0,180.15599999999998,-3.3788000000000005,118.22000000000001,5.0,0.0,0.0
12799212,SG-accumulated,CC1=C(O)C(=O)O[C@@H]1C,1.0,3.0,128.12699999999998,0.7637,46.53,0.0,0.0,0.0
479957,SG-accumulated,C=C(C)[C@@H]1CC[C@]2(CO)CC[C@]3(C)[C@H](CC[C@@H]4[C@@]5(C)CC[C@H](OC(C)=O)C(C)(C)[C@@H]5CC[C@]43C)[C@@H]12,1.0,3.0,484.7650000000004,7.568000000000009,46.53,3.0,0.0,0.0
11194416,SG-accumulated,C[C@@H]([C@H](N)C(=O)O)[C@@H](C)O,3.0,3.0,147.17399999999998,-0.5848,83.55000000000001,3.0,0.0,0.0
1711945,SG-accumulated,CC(=O)CC/C=C(\C)CC/C=C(\C)CCC=C(C)C,0.0,1.0,262.43699999999995,5.774800000000006,17.07,9.0,0.0,0.0
102239783,SG-accumulated,CC1=C2OC(C)(C)c3cc(O)c(C=O)c(c32)C(=O)C1=O,1.0,5.0,272.25600000000003,1.9664000000000004,80.67,1.0,0.0,0.0
5280536,SG-accumulated,COc1cc(/C=C/C=O)ccc1O,1.0,3.0,178.18699999999998,1.6129,46.53,3.0,0.0,0.0
128853,SG-accumulated,Oc1cc(O)c2cc(O)c(-c3cc(O)c(O)c(O)c3)[o+]c2c1,6.0,6.0,303.24600000000004,2.6144999999999996,132.68,1.0,0.0,0.0
5466138,SG-accumulated,COc1ccc(-c2oc3c(OC)c(OC)cc(O)c3c(=O)c2OC)cc1,1.0,7.0,358.3460000000001,3.200000000000002,87.36,5.0,0.0,0.0
636576,SG-accumulated,Cc1cc2c(C(C)C)c(O)cc(C)c2oc1=O,1.0,3.0,232.27899999999997,3.2388400000000015,50.440000000000005,1.0,0.0,0.0
163057526,SG-accumulated,C[C@@H]1O[C@H](Oc2c(O)cc(O)c3c(=O)c(O)c(-c4ccc(O)c(O)c4)oc23)[C@H](O)[C@H](O)[C@H]1O,8.0,12.0,464.3790000000001,0.19429999999999936,210.50999999999996,3.0,0.0,0.0
78162875,SG-accumulated,Cc1c(O)c(O)c2c(c1C=O)C1OC(O2)c2c(O)c(O)c(O)c(C)c2C1=O,5.0,9.0,374.30100000000016,1.9891400000000006,153.75,1.0,0.0,0.0
101182982,SG-accumulated,C[C@@H]([C@H]1[C@@H](O)C[C@@]2(C)[C@@H]3CC[C@H]4C(C)(C)[C@@H](O[C@@H]5O[C@H](CO)[C@@H](O[C@@H]6O[C@@H](C)[C@H](O)[C@@H](O)[C@H]6O)[C@H](O)[C@H]5O)CC[C@@]45C[C@@]35CC[C@]12C)[C@H]1C[C@H](O)C(C)(C)O1,8.0,13.0,783.0089999999997,1.9977000000000025,207.98999999999998,7.0,0.0,0.0
101204053,SG-accumulated,Cc1cc2cccc(C)c2cc1O[C@@H]1O[C@H](CO)[C@@H](O)[C@H](O)[C@H]1O,4.0,6.0,334.368,0.6353399999999996,99.38000000000001,3.0,0.0,0.0
5460372,SG-accumulated,C=C1C[C@]23C[C@@]1(O)CC[C@H]2[C@@]12CCC[C@@](C)(C(=O)OC1)[C@H]2[C@@H]3C(=O)O,2.0,4.0,346.42300000000006,2.5279,83.83,1.0,0.0,0.0
440835,SG-accumulated,Oc1cc(O)c2c(c1)O[C@H](c1cc(O)c(O)c(O)c1)[C@@H](O)[C@H]2O,7.0,8.0,322.269,0.7426000000000001,150.84,1.0,0.0,0.0
5320834,SG-accumulated,O=c1c(O[C@@H]2O[C@H](CO[C@@H]3O[C@H](CO)[C@@H](O)[C@H](O)[C@H]3O)[C@@H](O)[C@H](O)[C@H]2O)c(-c2ccc(O)c(O)c2)oc2cc(O)cc(O)c12,11.0,17.0,626.5200000000002,-2.7146999999999983,289.66,7.0,0.0,0.0
1183,SG-accumulated,COc1cc(C=O)ccc1O,1.0,3.0,152.14899999999997,1.2132999999999998,46.53,2.0,0.0,0.0
5468749,SG-accumulated,COc1ccc(-c2oc3cc(OC)cc(O)c3c(=O)c2OC)cc1,1.0,6.0,328.32000000000005,3.1914000000000016,78.13000000000001,4.0,0.0,0.0
10630882,SG-accumulated,C[C@H]1[C@H](N)C(=O)O[C@@H]1C,1.0,3.0,129.15899999999996,-0.1049,52.32000000000001,0.0,0.0,0.0
5280379,SG-accumulated,C=C1C[C@]23C[C@@]1(O)CC[C@H]2[C@@]12CC[C@H](O)[C@@](C)(C(=O)O1)[C@H]2[C@@H]3C(=O)O,3.0,5.0,348.39500000000004,1.2510999999999999,104.06000000000002,1.0,0.0,0.0
10582821,SG-accumulated,CCCC(=S)OCC,0.0,2.0,132.228,2.1504000000000003,9.23,3.0,0.0,0.0
162957279,SG-accumulated,C[C@@H]1Cc2c(C=O)cccc2OO1,0.0,3.0,178.18699999999995,1.7541,35.53,1.0,0.0,0.0
10256,SG-accumulated,O=Cc1c[nH]c2ccccc12,1.0,1.0,145.16099999999997,1.9804,32.86,1.0,0.0,0.0
162972958,SG-accumulated,C[C@@H]1O[C@@H](Oc2cc(O)c3c(=O)c(O[C@@H]4OC[C@@H](O)[C@H](O)[C@H]4O)c(-c4ccc(O)c(O)c4)oc3c2)[C@H](O)[C@H](O)[C@H]1O,9.0,15.0,580.4950000000003,-1.399100000000001,249.19999999999996,5.0,0.0,0.0
440265,SG-accumulated,CC(=O)C=CC1(O)C(C)=CC(=O)CC1(C)C,1.0,3.0,222.28399999999996,1.8079999999999998,54.37,2.0,0.0,0.0
14681438,SG-accumulated,COc1cc(C2Oc3c(OC)cc(CCCO)cc3C2CO)ccc1OC1OC(CO)C(O)C(O)C1O,6.0,11.0,522.5470000000003,0.016999999999999404,167.53,10.0,0.0,0.0
101204054,SG-accumulated,COc1cc([C@@H]2Oc3c(OC)cc(/C=C/C(=O)NCCc4ccc(O)cc4)cc3[C@H]2CO)ccc1O,4.0,7.0,491.54000000000025,3.696700000000002,117.48000000000002,9.0,0.0,0.0
5281647,SG-accumulated,O=c1c2cc(O)c(O)cc2oc2cc(O)c([C@@H]3O[C@H](CO)[C@@H](O)[C@H](O)[C@H]3O)c(O)c12,8.0,11.0,422.3420000000001,-0.7165000000000005,201.27999999999997,2.0,0.0,0.0
28619,SG-accumulated,COc1ccc2c(c1)OC(C)(C)C=C2,0.0,2.0,190.242,2.8794000000000013,18.46,1.0,0.0,0.0
996,SG-accumulated,Oc1ccccc1,1.0,1.0,94.11299999999999,1.3921999999999999,20.23,0.0,0.0,0.0
73172655,SG-accumulated,CC(C)=CCc1cc2c(c(C=O)c1O)CCC(C=CC(C)O)O2,2.0,4.0,316.39700000000005,3.3440000000000025,66.76,5.0,0.0,0.0
129881889,SG-accumulated,O=c1oc2ccc(O)cc2c(O)c1Cc1c(O)c2cc(O)ccc2oc1=O,4.0,8.0,368.2970000000001,2.3125999999999998,141.34,2.0,0.0,0.0
25310,SG-accumulated,C[C@@H]1OC(O)[C@H](O)[C@H](O)[C@H]1O,4.0,5.0,164.15699999999998,-2.1938,90.15,0.0,0.0,0.0
10187514,SG-accumulated,O=C(O)CC(=O)OC[C@@H]1O[C@H](Oc2c(-c3ccc(O)c(O)c3)oc3cc(O)cc(O)c3c2=O)[C@@H](O)[C@H](O)[C@H]1O,8.0,14.0,550.4250000000003,-0.5132999999999999,253.87999999999997,7.0,0.0,0.0
21579640,SG-accumulated,CC(C)(O)/C=C/C(=O)[C@](C)(O)[C@H]1[C@H](O)C[C@@]2(C)[C@@H]3CC=C4[C@@H](C[C@H](O[C@@H]5O[C@H](CO)[C@@H](O)[C@H](O)[C@H]5O)C(=O)C4(C)C)[C@]3(C)C(=O)C[C@]12C,7.0,12.0,678.8159999999999,0.7526999999999999,211.27999999999997,7.0,0.0,0.0
11072668,SG-accumulated,O=c1c(O[C@@H]2O[C@H](CO[C@@H]3O[C@H](CO)[C@@H](O)[C@H](O)[C@H]3O)[C@H](O)[C@H](O)[C@H]2O)c(-c2ccc(O)cc2)oc2cc(O[C@@H]3O[C@@H](CO)[C@H](O)[C@H]3O)cc(O)c12,12.0,20.0,742.6360000000003,-4.308099999999992,328.35,10.0,0.0,0.0
9978316,SG-accumulated,CC1=CC(=O)CC(C)(C)[C@@]1(O)/C=C/C(=O)CO[C@@H]1O[C@H](CO)[C@@H](O)[C@H](O)[C@H]1O,5.0,9.0,400.4240000000001,-1.395399999999999,153.75,6.0,0.0,0.0
14340,SG-accumulated,COc1cc(CCC(=O)O)ccc1O,2.0,3.0,196.20200000000003,1.418,66.76,4.0,0.0,0.0
72732,SG-accumulated,CC1(C)CCC2=C(O1)C(=O)c1ccccc1C2=O,0.0,3.0,242.274,2.9087000000000014,43.370000000000005,0.0,0.0,0.0
85524814,SG-accumulated,CCCCCCC#CC(=O)CCCCCCCCC(=O)OC,0.0,3.0,308.462,4.823100000000005,43.370000000000005,13.0,0.0,0.0
49831493,SG-accumulated,COc1cc(/C=C/C(=O)OCCCc2ccc(O[C@@H](COC(=O)/C=C/c3ccc(O)cc3)[C@@H](OC)c3ccc(O)c(OC)c3)c(OC)c2)ccc1O,3.0,12.0,714.7640000000002,6.410100000000009,159.44,18.0,0.0,0.0
10652163,SG-accumulated,C[C@H]1O[C@@H](O[C@H]2CC[C@]3(C)[C@H]4CC[C@]5(C)[C@@H](C6=CC(=O)OC6)CC[C@]5(O)[C@@H]4CC[C@]3(O)C2)C[C@H](O)[C@@H]1O[C@@H]1O[C@H](CO)[C@@H](O)[C@H](O)[C@H]1O,7.0,13.0,682.8040000000007,0.42440000000000305,204.82999999999998,6.0,0.0,0.0
107557,SG-accumulated,COc1ccc(C=CC=O)cc1OC,0.0,3.0,192.21399999999997,1.9159,35.53,4.0,0.0,0.0
101114361,SG-accumulated,COc1cc(/C=C/C(=O)OCCCc2cc(OC)c(O[C@@H](COC(=O)/C=C/c3ccc(O)c(OC)c3)[C@@H](O)c3ccc(O)c(OC)c3)c(OC)c2)ccc1O,4.0,14.0,760.7890000000002,5.773200000000009,188.89999999999998,19.0,0.0,0.0
2723872,SG-accumulated,OCC1(O)OC[C@@H](O)[C@@H](O)[C@@H]1O,5.0,6.0,180.156,-3.2197999999999998,110.38000000000001,1.0,0.0,0.0
44577733,SG-accumulated,C[C@@H]1Cc2c(C=O)ccc(O)c2C(=O)O1,1.0,4.0,206.19699999999995,1.3060999999999998,63.599999999999994,1.0,0.0,0.0
162842866,SG-accumulated,C[C@@H]1O[C@@H]2O[C@H]3[C@@H](O[C@@H]2[C@H](O)[C@H]1O)O[C@H](C(=O)O)[C@H](O)[C@@H]3O[C@@H]1O[C@H](C(=O)O)[C@@H](O)[C@H](O)[C@H]1O,8.0,14.0,498.39000000000016,-5.315199999999991,251.35999999999996,4.0,0.0,0.0
163047490,SG-accumulated,C=C(C)[C@H](O)COc1cc2ccc(=O)oc2cc1O,2.0,5.0,262.26099999999997,1.8144,79.9,4.0,0.0,0.0
3314,SG-accumulated,C=CCc1ccc(O)c(OC)c1,1.0,2.0,164.20399999999995,2.1292999999999997,29.46,3.0,0.0,0.0
8299,SG-accumulated,CC(=O)CO,1.0,2.0,74.079,-0.43229999999999996,37.3,1.0,0.0,0.0
14079,SG-accumulated,CC(=O)c1ccc[nH]1,1.0,1.0,109.12799999999997,1.2173,32.86,1.0,0.0,0.0
10105245,SG-accumulated,COc1c(C)cc2ccc(O)c3c2c1OC3=O,1.0,4.0,230.21899999999994,2.395020000000001,55.76,1.0,0.0,0.0
5281578,SG-accumulated,CC[C@H](C)[C@@H]1NC(=O)[C@@H](NC(=O)[C@H](Cc2ccccc2)N(C)C)[C@@H](c2ccccc2)Oc2ccc(cc2)/C=C\NC1=O,3.0,5.0,568.7180000000002,4.095800000000002,99.77000000000001,8.0,0.0,0.0
163190248,SG-accumulated,C=C[C@@](C)(O)CC/C=C(\C)C(=O)OC(=O)c1cc(O[C@@H]2O[C@H](CO)[C@@H](O)[C@H](O)[C@H]2O[C@@H]2OC[C@@](O)(CO)[C@@H]2O)ccc1O,8.0,15.0,614.5970000000004,-1.6172999999999986,242.12999999999994,12.0,0.0,0.0
10262028,SG-accumulated,C[C@H]1OC(=O)c2c(O)cccc2[C@@H]1O,2.0,4.0,194.18599999999998,0.9844999999999997,66.76,0.0,0.0,0.0
3083616,SG-accumulated,COc1cc2ccc(=O)oc2c(O)c1OC,1.0,5.0,222.19599999999997,1.5157999999999998,68.9,2.0,0.0,0.0
72751004,SG-accumulated,CC(O)C=CC1(O)C(C)(C)CC(O)CC1(C)O,4.0,4.0,244.33099999999996,0.5863999999999998,80.92,2.0,0.0,0.0
135191,SG-accumulated,OC1OC[C@@H](O)[C@H](O)[C@H]1O,4.0,5.0,150.13,-2.5823000000000005,90.15,0.0,0.0,0.0
119216,SG-accumulated,COc1cc(C=CC=O)cc(OC)c1O,1.0,4.0,208.21299999999997,1.6215,55.760000000000005,4.0,0.0,0.0
10413856,SG-accumulated,COc1cc(O)c2c(=O)c(-c3cc(OC)c(OC)c(O[C@@H]4O[C@H](CO)[C@@H](O)[C@H](O)[C@H]4O)c3)coc2c1,5.0,12.0,506.46000000000015,0.3700999999999994,177.51,7.0,0.0,0.0
518900,SG-accumulated,COC(=O)Cc1ccc(O)cc1,1.0,3.0,166.17600000000002,1.1077,46.53,2.0,0.0,0.0
101286273,SG-accumulated,C[C@H]1O[C@@H](O[C@H]2CC[C@@]3(C)[C@H](CC[C@@H]4[C@@H]3CC[C@]3(C)[C@@H](C5=CC(=O)OC5)CC[C@]43O)C2)C[C@@H](O)[C@@H]1O[C@@H]1O[C@H](CO)[C@@H](O)[C@H](O)[C@H]1O,6.0,12.0,666.8050000000006,1.3095000000000019,184.6,6.0,0.0,0.0
328066,SG-accumulated,COC1=C(C)C(=O)c2c(C(C)C)cc(O)c(C=O)c2C1=O,1.0,5.0,288.29900000000004,2.6275000000000013,80.67,3.0,0.0,0.0
10743,SG-accumulated,COc1cc(C=CC(=O)O)cc(OC)c1O,2.0,4.0,224.212,1.5071999999999999,75.99000000000001,4.0,0.0,0.0
373912,SG-accumulated,CC1=Cc2cccc(C)c2C(=O)C1=O,0.0,2.0,186.20999999999995,2.1637199999999996,34.14,0.0,0.0,0.0
632128,SG-accumulated,COc1cc(OC)c2c(=O)c(OC)c(-c3ccc(OC)c(O)c3)oc2c1,1.0,7.0,358.3460000000001,3.200000000000002,87.36000000000001,5.0,0.0,0.0
162978216,SG-accumulated,CC1(C)C[C@H]2C3=CC[C@@H]4[C@@]5(C)[C@@H](O)CC(=O)OC(C)(C)[C@@H]5CC(=O)[C@@]4(C)[C@]3(C)CC[C@@]2(C)[C@H](O)[C@H]1O,3.0,6.0,502.69200000000035,4.195000000000006,104.06,0.0,0.0,0.0
11079623,SG-accumulated,COc1ccc(-c2oc3c(OC)c(OC)c(OC)c(O)c3c(=O)c2OC)cc1,1.0,8.0,388.3720000000001,3.2086000000000023,96.59000000000002,6.0,0.0,0.0
8417,SG-accumulated,COc1cc2ccc(=O)oc2cc1OC,0.0,4.0,206.19699999999997,1.8101999999999998,48.67,2.0,0.0,0.0
7967,SG-accumulated,O=C1CCCCC1,0.0,1.0,98.14500000000001,1.5196,17.07,0.0,0.0,0.0
24982202,SG-accumulated,COc1cc([C@H]2Oc3c(OC)cc(CCCO[C@@H]4O[C@H](CO)[C@@H](O)[C@H](O)[C@H]4O)cc3[C@@H]2CO)ccc1O,6.0,11.0,522.5470000000001,0.36809999999999904,167.53,10.0,0.0,0.0
11277992,SG-accumulated,CC(=O)C[C@]1(O)C(=O)C(C)=C2OC[C@@H](C)c3ccc(C)c1c32,1.0,4.0,300.35400000000004,2.6091200000000008,63.599999999999994,2.0,0.0,0.0
163040205,SG-accumulated,COc1c(O)cc2c(c1O)C[C@H](O[C@@H]1OC[C@H](O[C@@H]3O[C@H](CO)[C@H](O)[C@H](O)[C@H]3O)[C@H](O)[C@@H]1O)[C@@H](c1ccc(O)c(O)c1)O2,10.0,16.0,614.5530000000002,-2.157799999999999,257.67999999999995,7.0,0.0,0.0
26339717,SG-accumulated,C[C@@H]1O[C@@H](Oc2c(-c3ccc(O)c(O)c3)oc3cc(O)cc(O)c3c2=O)[C@@H](O)[C@H](O)[C@H]1O,7.0,11.0,448.38000000000017,0.4886999999999995,190.27999999999997,3.0,0.0,0.0
522636,SG-accumulated,C=C1CC23CC1(O)CCC2C12C=CC(O)C(C)(C(=O)O1)C2C3C(=O)O,3.0,5.0,346.3790000000001,1.0271000000000001,104.06000000000002,1.0,0.0,0.0
442101,SG-accumulated,O=c1ccc2cc(O)c(O[C@@H]3O[C@H](CO)[C@@H](O)[C@H](O)[C@H]3O)cc2o1,5.0,9.0,340.28400000000005,-1.3227000000000007,149.82,3.0,0.0,0.0
7302,SG-accumulated,O=C1CCCO1,0.0,2.0,86.09,0.3234,26.3,0.0,0.0,0.0
10922890,SG-accumulated,Cc1cc(O)c(C(C)C)c2c1C(=O)[C@H](O)[C@@H](C)C2,2.0,3.0,248.32199999999997,2.559820000000001,57.53,1.0,0.0,0.0
1549095,SG-accumulated,COc1cc(/C=C/CO)ccc1O,2.0,3.0,180.203,1.4062999999999997,49.69,3.0,0.0,0.0
135,SG-accumulated,O=C(O)c1ccc(O)cc1,2.0,2.0,138.12199999999999,1.0903999999999998,57.53,1.0,0.0,0.0
101114360,SG-accumulated,COc1cc(/C=C/C(=O)OCCCc2cc(OC)c3c(c2)[C@@H](COC(=O)/C=C/c2ccc(O)c(OC)c2)[C@H](c2cc(OC)c(O)c(OC)c2)O3)ccc1O,3.0,13.0,742.7740000000002,6.509500000000008,168.67,16.0,0.0,0.0
10969116,SG-accumulated,COc1cc(C(C)C)c2c(OC)c(C)c(OC)c3c2c1C(=O)O3,0.0,5.0,316.35300000000007,3.8300200000000038,53.99000000000001,4.0,0.0,0.0
5318717,SG-accumulated,O=c1c(O[C@@H]2O[C@@H](CO)[C@H](O)[C@H]2O)c(-c2ccc(O)cc2)oc2cc(O)cc(O)c12,6.0,10.0,418.35400000000016,0.39459999999999945,170.05,4.0,0.0,0.0
101262727,SG-accumulated,COc1cc([C@H]2Oc3c(OC)cc(/C=C/C(=O)NCCc4ccc(O)cc4)cc3[C@@H]2C(=O)NCCc2ccc(O)cc2)ccc1O,5.0,8.0,624.6900000000004,4.768900000000005,146.58,12.0,0.0,0.0
125213,SG-accumulated,COc1cc(C=CC(=O)NCCc2ccc(O)cc2)ccc1O,3.0,4.0,313.353,2.478500000000001,78.79,6.0,0.0,0.0
28516,SG-accumulated,CC1Cc2cccc(O)c2C(=O)O1,1.0,3.0,178.18699999999995,1.4935999999999998,46.53,0.0,0.0,0.0
44578390,SG-accumulated,COc1cc([C@H]2OC(=O)[C@H]3[C@@H]2CO[C@@H]3c2ccc(O)c(OC)c2)ccc1O,2.0,7.0,372.3730000000001,2.7168000000000014,94.45000000000002,4.0,0.0,0.0
119205,SG-accumulated,COc1cc(C[C@H]2COC(=O)[C@@H]2Cc2ccc(O)c(OC)c2)ccc1O,2.0,6.0,358.3900000000001,2.6894000000000013,85.22000000000001,6.0,0.0,0.0
538953,SG-accumulated,CC(=O)C=CC1=C(C)CC(O)CC1(C)C,1.0,2.0,208.301,2.6290000000000004,37.3,2.0,0.0,0.0
10472650,SG-accumulated,COc1cc(O)c2c(=O)c(-c3cc(O)c(OC)c(OC)c3)coc2c1,2.0,7.0,344.3190000000001,2.897000000000001,98.36000000000001,4.0,0.0,0.0
85091334,SG-accumulated,CC1OC(OC2CCC3(C)C(CCC4C3C(O)CC3(C)C(C5=CC(=O)OC5)CCC43O)C2)CC(O)C1OC1OC(CO)C(O)C(O)C1O,7.0,13.0,682.8040000000007,0.28030000000000316,204.82999999999998,6.0,0.0,0.0
10748,SG-accumulated,COc1ccc2ccc(=O)oc2c1,0.0,3.0,176.17099999999996,1.8016,39.44,1.0,0.0,0.0
46181828,SG-accumulated,O=C(O[C@@H]1[C@@H](c2c(O)cc(O)c3c2O[C@H](c2ccc(O)c(O)c2)[C@H](O)C3)c2c(O)cc(O)cc2O[C@@H]1c1ccc(O)c(O)c1)c1cc(O)c(O)c(O)c1,12.0,16.0,730.6310000000004,3.9765000000000095,287.52,5.0,0.0,0.0
1548883,SG-accumulated,COc1cc(/C=C\C(=O)O)ccc1O,2.0,3.0,194.186,1.4986,66.76,3.0,0.0,0.0
5460657,SG-accumulated,C=C1C[C@]23C[C@@]1(O)CC[C@H]2[C@]1(C(=O)O)CCC[C@@](C)(C(=O)O)[C@H]1[C@@H]3C(=O)O,4.0,4.0,378.42100000000005,2.1403,132.13,3.0,0.0,0.0
5281601,SG-accumulated,COc1ccc(-c2cc(=O)c3c(O)cc(OC)cc3o2)cc1,1.0,5.0,298.29400000000004,3.182800000000002,68.9,3.0,0.0,0.0
100151,SG-accumulated,COc1cc(C2Oc3c(OC)cc4ccc(=O)oc4c3OC2CO)ccc1O,2.0,8.0,386.3560000000001,2.3892,107.59000000000002,4.0,0.0,0.0
42608087,SG-accumulated,COc1cc(OC)c2c(c1)OC(c1ccc(OC3OCC(OC4OCC(O)C(O)C4O)C(O)C3O)cc1)CC2=O,5.0,13.0,564.5400000000002,-0.30859999999999976,182.83,7.0,0.0,0.0
181681,SG-accumulated,COc1cc([C@H]2OC[C@H]3[C@@H]2CO[C@@H]3c2cc(OC)c(O)c(OC)c2)ccc1O,2.0,7.0,388.4160000000001,3.1988000000000025,86.61000000000001,5.0,0.0,0.0
124222280,SG-accumulated,COc1ccc(CCOC2OC(COC(=O)C=Cc3ccc(O)c(OC)c3)C(O)C(OC3OC(C)C(O)C(O)C3O)C2O)cc1O,7.0,15.0,652.6460000000005,-0.40989999999999893,223.28999999999996,12.0,0.0,0.0
65373,SG-accumulated,COc1cc(C[C@@H](CO)[C@H](CO)Cc2ccc(O)c(OC)c2)ccc1O,4.0,6.0,362.4220000000001,2.1172,99.38000000000001,9.0,0.0,0.0
7478,SG-accumulated,COc1ccc(C(=O)O)cc1,1.0,2.0,152.149,1.3934,46.53,2.0,0.0,0.0
44631546,SG-accumulated,Cc1c2c3c(c(O)c(O)c(C)c3oc1=O)[C@H](C)C[C@@H]2O,3.0,5.0,276.28799999999995,2.361640000000001,90.9,0.0,0.0,0.0
5274621,SG-accumulated,COc1cc(/C=C/C(=O)OCCCc2ccc(O[C@@H](COC(=O)/C=C/c3ccc(O)c(OC)c3)[C@@H](O)c3ccc(O)c(OC)c3)c(O)c2)ccc1O,5.0,13.0,716.7360000000003,5.461600000000009,190.67,17.0,0.0,0.0
6274,SG-accumulated,N[C@@H](Cc1cnc[nH]1)C(=O)O,3.0,3.0,155.15699999999998,-0.6359000000000001,92.0,3.0,0.0,0.0
12681283,SG-accumulated,COc1cc(C[C@@H](NC(=O)c2ccccc2)C(=O)O)ccc1O,3.0,4.0,315.32500000000005,1.8264999999999998,95.86,6.0,0.0,0.0
162904343,SG-accumulated,O=C1c2c(O[C@@H]3O[C@H](CO)[C@@H](O[C@@H]4O[C@H](CO)[C@H](O)[C@H](O)[C@H]4O)[C@H](O)[C@H]3O)cc(O)cc2O[C@H](c2ccccc2)[C@@H]1O,9.0,15.0,596.5380000000002,-2.927599999999997,245.28999999999996,7.0,0.0,0.0
439514,SG-accumulated,COc1cc2ccc(=O)oc2cc1O[C@@H]1O[C@H](CO)[C@@H](O)[C@H](O)[C@H]1O,4.0,9.0,354.311,-1.0197000000000007,138.82000000000002,4.0,0.0,0.0
441833,SG-accumulated,CC(C)(O)CC[C@@H](O)[C@](C)(O)[C@H]1CC[C@@]2(O)C3=CC(=O)[C@]4(O)C[C@@H](O)[C@@H](O)C[C@]4(C)[C@H]3CC[C@]12C,7.0,8.0,496.64100000000036,0.9688999999999992,158.68,5.0,0.0,0.0
1249,SG-accumulated,Oc1cc(O)c2c(c1)OC(c1cc(O)c(O)c(O)c1)C(O)C2,6.0,7.0,306.27000000000004,1.2517,130.61,1.0,0.0,0.0
73323377,SG-accumulated,CC1OC(OC2C(O)C(COC(=O)C=Cc3ccc(O)c(O)c3)OC(OCCc3ccc(O)c(O)c3)C2O)C(O)C(O)C1O,9.0,15.0,624.5920000000006,-1.0159000000000011,245.28999999999996,10.0,0.0,0.0
49831491,SG-accumulated,COc1cc(/C=C/C(=O)OCCCc2ccc(O[C@@H](COC(=O)/C=C/c3ccc(O)cc3)[C@@H](O)c3ccc(O)c(OC)c3)c(OC)c2)ccc1O,4.0,12.0,700.7370000000002,5.756000000000008,170.43999999999997,17.0,0.0,0.0
14035324,SG-accumulated,CC1OC(Oc2cc(O)c3c(=O)c(OC4OC(CO)C(O)C(O)C4O)c(-c4ccc(O)cc4)oc3c2)C(O)C(O)C1O,9.0,15.0,594.5220000000004,-1.743800000000001,249.19999999999996,6.0,0.0,0.0
439246,SG-accumulated,O=C1C[C@@H](c2ccc(O)cc2)Oc2cc(O)cc(O)c21,3.0,5.0,272.25600000000003,2.5099000000000014,86.99000000000001,1.0,0.0,0.0
10252339,SG-accumulated,O=c1c(O[C@H]2O[C@@H](CO)[C@H](O)[C@H]2O)c(-c2ccc(O)c(O)c2)oc2cc(O)cc(O)c12,7.0,11.0,434.3530000000002,0.10019999999999951,190.27999999999997,4.0,0.0,0.0
74978075,SG-accumulated,CC1OC(Oc2cc(O)c3c(=O)c(O)c(-c4ccc(O)cc4)oc3c2)C(O)C(OC2OC(CO)C(O)C(O)C2O)C1O,9.0,15.0,594.5220000000004,-1.3927000000000016,249.19999999999993,6.0,0.0,0.0
375713,SG-accumulated,COc1c(O)c(C=O)c2c(O)c(-c3c(C)cc4c(C(C)C)c(OC)c(O)c(C=O)c4c3O)c(C)cc2c1C(C)C,4.0,8.0,546.6160000000003,6.988240000000007,133.52,7.0,0.0,0.0
31242,SG-accumulated,CCc1ccc(O)cc1,1.0,1.0,122.16699999999996,1.9546,20.23,1.0,0.0,0.0
94225,SG-accumulated,CC(=O)O[C@H]1CC[C@]2(C)[C@H]3CC[C@]4(C)C(=CC[C@@]5(C)CCC(C)(C)C[C@H]54)[C@]3(C)CC[C@H]2C1(C)C,0.0,2.0,468.7660000000004,8.739700000000004,26.3,1.0,0.0,0.0
636543,SG-accumulated,COc1cc([C@H](O)[C@H](CO)Oc2ccc(/C=C/C(=O)NCCc3ccc(O)cc3)cc2OC)ccc1O,5.0,8.0,509.5550000000003,2.9604000000000013,137.71,12.0,0.0,0.0
10255859,SG-accumulated,COC(=O)[C@]12CCC(C)(C)C[C@H]1C1=CC[C@@H]3[C@@]4(C)CC[C@H](OC(C)=O)C(C)(C)[C@@H]4CC[C@@]3(C)[C@]1(C)CC2,0.0,4.0,512.7750000000004,7.89280000000001,52.6,2.0,0.0,0.0
10393,SG-accumulated,OCCc1ccc(O)cc1,2.0,2.0,138.16599999999997,0.927,40.46,2.0,0.0,0.0
384679,SG-accumulated,COc1cc([C@H]2Oc3c(OC)cc(CCCO)cc3[C@@H]2CO)ccc1O,3.0,6.0,360.40600000000006,2.543900000000001,88.38000000000001,7.0,0.0,0.0
3469,SG-accumulated,O=C(O)c1cc(O)ccc1O,3.0,3.0,154.12099999999998,0.7959999999999998,77.76,1.0,0.0,0.0
6185,SG-accumulated,C[C@]12CC[C@H]3[C@@H](CC[C@]4(O)C[C@@H](O)CC[C@]34C=O)[C@@]1(O)CC[C@@H]2C1=CC(=O)OC1,3.0,6.0,404.5030000000002,1.8981999999999999,104.06000000000002,2.0,0.0,0.0
10371536,SG-accumulated,C[C@@H]1O[C@@H](OC[C@H]2O[C@@H](Oc3c(-c4ccc(O)c(O)c4)oc4cc(O)cc(O)c4c3=O)[C@H](O)[C@@H](O)[C@H]2O)[C@H](O)[C@H](O)[C@H]1O,10.0,16.0,610.5210000000004,-1.6871000000000003,269.42999999999995,6.0,0.0,0.0
16077448,SG-accumulated,C[C@H]1O[C@@H](O[C@H]2C(=O)c3c(O)cc(O)cc3O[C@@H]2c2ccc(O)c(O)c2)[C@@H](O)[C@@H](O)[C@@H]1O,7.0,11.0,450.39600000000013,0.038099999999999745,186.37,3.0,0.0,0.0
6057,SG-accumulated,N[C@@H](Cc1ccc(O)cc1)C(=O)O,3.0,3.0,181.19099999999997,0.3466,83.55,3.0,0.0,0.0
10176654,SG-accumulated,COC(=O)/C=C\c1ccc(O)c(OC)c1,1.0,4.0,208.21299999999997,1.5869999999999997,55.760000000000005,3.0,0.0,0.0
5281612,SG-accumulated,COc1ccc(-c2cc(=O)c3c(O)cc(O)cc3o2)cc1O,3.0,6.0,300.266,2.5854000000000004,100.13000000000001,2.0,0.0,0.0
13988634,SG-accumulated,O=c1cc(-c2ccc(O)c(O)c2)oc2c(O[C@@H]3O[C@H](CO[C@@H]4O[C@H](CO)[C@@H](O)[C@H](O)[C@H]4O)[C@@H](O)[C@H](O)[C@H]3O)c(O)cc(O)c12,11.0,17.0,626.5200000000003,-2.7147,289.65999999999997,7.0,0.0,0.0
5320254,SG-accumulated,CCCCC/C=C\C/C=C\CCCCCCCC(=O)OCC(O)CO[C@@H]1O[C@H](CO)[C@H](O)[C@H](O)[C@H]1O,5.0,9.0,516.6720000000001,2.5204999999999997,145.91000000000003,20.0,0.0,0.0
162847751,SG-accumulated,CC[C@@H]1NC(=O)[C@@H](NC(=O)[C@@H]([C@H](O)C(C)C)N(C)C)[C@H](C(C)C)Oc2ccc(cc2)/C=C/NC1=O,4.0,6.0,488.6290000000002,1.517200000000001,120.0,7.0,0.0,0.0
13245586,SG-accumulated,COc1cc(-c2oc3cc(O)cc(O)c3c(=O)c2OC2OC(CO)C(O)C(O)C2O)ccc1O,7.0,12.0,478.4060000000001,-0.23589999999999983,199.51,5.0,0.0,0.0
163003716,SG-accumulated,COc1ccc(-c2cc(=O)c3c(O)cc(O)c(OC(=O)[C@H]4O[C@@H](O)[C@H](O)[C@@H](O)[C@@H]4O)c3o2)cc1O,7.0,13.0,492.3890000000002,-0.7093,216.57999999999996,4.0,0.0,0.0
135542082,SG-accumulated,COC1=C(C)C(=O)c2ccc(O)c(O)c2C1=O,2.0,5.0,234.20699999999997,1.3972,83.83000000000001,1.0,0.0,0.0
5281321,SG-accumulated,CC(C)(O)/C=C/C(=O)[C@](C)(O)[C@H]1[C@H](O)C[C@@]2(C)[C@@H]3CC=C4[C@@H](C=C(O)C(=O)C4(C)C)[C@]3(C)C(=O)C[C@]12C,4.0,7.0,514.6590000000003,3.6194000000000024,132.13,4.0,0.0,0.0
132966232,SG-accumulated,COc1c(C)[nH]c2c(c1=O)[C@@H](CCCCCc1ccccc1)CCC2=O,1.0,3.0,353.46200000000005,4.555120000000004,59.160000000000004,7.0,0.0,0.0
179,SG-accumulated,CC(=O)C(C)O,1.0,2.0,88.106,-0.043800000000000006,37.3,1.0,0.0,0.0
7438,SG-accumulated,C=C(C)C1CC=C(C)C(O)C1,1.0,1.0,152.23699999999997,2.2797,20.23,1.0,0.0,0.0
441644,SG-accumulated,CCCCCCC[C@H]1CCC(=O)O1,0.0,2.0,184.27899999999997,3.052500000000002,26.3,6.0,0.0,0.0
163062115,SG-accumulated,CC1=C[C@@H]2c3cc4c(O[C@H]5O[C@H](CO)[C@H](O)[C@H](O)[C@@H]5O)cccc4c(O)c3[C@@]3(O)c4ccccc4C(=O)[C@]2(/C=C/C(C)(C)O)[C@@]3(O)C1,8.0,11.0,646.6890000000002,1.6480999999999992,197.36999999999998,5.0,0.0,0.0
101182983,SG-accumulated,C[C@@H]([C@H]1[C@@H](O)C[C@@]2(C)[C@@H]3CC[C@H]4C(C)(C)[C@@H](O[C@@H]5O[C@H](CO)[C@@H](O)[C@H](O[C@H]6O[C@H](CO)[C@@H](O)[C@H](O)[C@H]6O)[C@H]5O)CC[C@@]45C[C@@]35CC[C@]12C)[C@H]1C[C@H](O)C(C)(C)O1,9.0,14.0,799.0079999999998,0.9701000000000044,228.21999999999997,8.0,0.0,0.0
7156991,SG-accumulated,CCOC(=O)[C@H](C)CC,0.0,2.0,130.18699999999998,1.5956000000000001,26.3,3.0,0.0,0.0
7237,SG-accumulated,Cc1ccccc1C,0.0,0.0,106.16799999999999,2.30344,0.0,0.0,0.0,0.0
13915427,SG-accumulated,CCCCc1cc(OC)c(O)c(OC)c1,1.0,3.0,210.27299999999997,2.7520000000000016,38.69,5.0,0.0,0.0
263,SG-accumulated,CCCCO,1.0,1.0,74.12299999999999,0.7787999999999999,20.23,2.0,0.0,0.0
446066,SG-accumulated,CCCCCCCCCCCCCCCC(=O)OC[C@H](COP(=O)(O)O)OC(=O)CCCCCCCCCCCCCCC,2.0,6.0,648.9029999999997,10.513299999999996,119.36000000000001,34.0,0.0,0.0
92863445,SG-accumulated,CCCCCCCCCCCCCCCCCCCC(=O)OC[C@H](O)CO,2.0,4.0,386.6170000000001,5.924500000000007,66.76,21.0,0.0,0.0
12580,SG-accumulated,CCCc1ccc(O)cc1,1.0,1.0,136.19399999999996,2.3447000000000005,20.23,2.0,0.0,0.0
163195778,SG-accumulated,CC(C)CC(CO)C1=CC=CCC1,1.0,1.0,180.29099999999997,2.9174000000000015,20.23,4.0,0.0,0.0
2682,SG-accumulated,CCCCCCCCCCCCCCCCO,1.0,1.0,242.44699999999992,5.460000000000006,20.23,14.0,0.0,0.0
13918554,SG-accumulated,COC1=CC(=O)C(C)=C(O)C1=O,1.0,4.0,168.148,0.5005,63.6,1.0,0.0,0.0
441765,SG-accumulated,COc1cc(-c2[o+]c3cc(O)cc(O[C@@H]4O[C@H](CO)[C@@H](O)[C@H](O)[C@H]4O)c3cc2O[C@@H]2O[C@H](CO)[C@@H](O)[C@H](O)[C@H]2O)cc(OC)c1O,10.0,16.0,655.5820000000003,-1.8333000000000013,268.97999999999996,9.0,0.0,0.0
1174,SG-accumulated,O=c1cc[nH]c(=O)[nH]1,2.0,2.0,112.088,-0.9368000000000001,65.72,0.0,0.0,0.0
35698,SG-accumulated,C#CCCCCCCC(=O)O,1.0,1.0,154.209,2.0448,37.3,6.0,0.0,0.0
1140,SG-accumulated,Cc1ccccc1,0.0,0.0,92.14099999999999,1.99502,0.0,0.0,0.0,0.0
71403936,SG-accumulated,CCCCCCCCCCCCCCCC(O)=C(O)C(=O)O,3.0,3.0,314.46599999999995,5.879900000000005,77.76,15.0,0.0,0.0
525578,SG-accumulated,CC(C)C1CC=CCC1,0.0,0.0,124.22699999999999,2.9987000000000013,0.0,1.0,0.0,0.0
3015413,SG-accumulated,C=CC(C)(O)CCC=C(C)C(=O)O,2.0,2.0,184.23499999999999,1.7345,57.53,5.0,0.0,0.0
156741,SG-accumulated,COc1c(C)cc2c(C(C)C)c(O)c(O)c(C=O)c2c1O,3.0,5.0,290.315,3.2095200000000026,86.99,3.0,0.0,0.0
100914108,SG-accumulated,CC(=O)O[C@H]1C[C@H]([C@@H](C)[C@H]2[C@@H](O)C[C@@]3(C)[C@@H]4CC[C@H]5C(C)(C)[C@@H](O[C@@H]6O[C@H](CO)[C@@H](O)[C@H](O)[C@H]6O)CC[C@@]56C[C@@]46CC[C@]23C)OC1(C)C,5.0,10.0,678.9039999999997,3.716700000000002,155.14000000000001,6.0,0.0,0.0
54005211,SG-accumulated,O=C(O)CC=CCCCCCCCC(=O)O,2.0,2.0,228.28799999999995,2.832600000000001,74.6,10.0,0.0,0.0
100955863,SG-accumulated,COC(=O)[C@H](CO)c1ccc(O)c(OC)c1,2.0,5.0,226.22799999999998,0.6496999999999997,75.99000000000001,4.0,0.0,0.0
22238,SG-accumulated,CC=CCS,1.0,1.0,88.175,1.4923,0.0,1.0,0.0,0.0
162844792,SG-accumulated,C=C(C)[C@H](O)CC[C@@H](C)[C@H]1CC[C@@]2(C)[C@@H]3CC[C@@]4(C)[C@@H](CCC(=O)[C@@H]4C)[C@]3(C)CC[C@]12C,1.0,2.0,442.7280000000003,7.593900000000009,37.3,5.0,0.0,0.0
21742,SG-accumulated,CC1=Cc2c(C(C)C)ccc(C)c2C(=O)C1=O,0.0,2.0,228.29099999999997,3.2871200000000025,34.14,1.0,0.0,0.0
5204,SR-accumulated,c1cc2c(cc1C1OCC3C(c4ccc5c(c4)OCO5)OCC13)OCO2,0.0,6.0,354.3580000000002,3.2192000000000016,55.38000000000001,2.0,0.0,0.0
442849,SR-accumulated,COc1c(C)c(O)cc2c1CNC2=O,2.0,3.0,193.20199999999997,0.95262,58.56,1.0,0.0,0.0
21120946,SR-accumulated,C=C(C)[C@@H]1CC[C@]2(C(=O)OC)CC[C@]3(COC(=O)c4ccccc4)[C@H](CC[C@@H]4[C@@]5(C)CC[C@H](OC(C)=O)C(C)(C)[C@@H]5CC[C@]43C)[C@@H]12,0.0,6.0,632.8820000000001,8.585800000000006,78.9,6.0,0.0,0.0
1054,SR-accumulated,Cc1ncc(CO)c(CO)c1O,3.0,4.0,169.18,0.08021999999999985,73.58000000000001,2.0,0.0,0.0
162912427,SR-accumulated,COc1cc([C@H]2OC[C@@H]3[C@H]2CO[C@@H]3c2ccc(O[C@@H]3O[C@H](CO)[C@@H](O)[C@H](O)[C@H]3O[C@@H]3O[C@@H](C)[C@H](O)[C@@H](O)[C@H]3O)c(OC)c2)ccc1O,7.0,15.0,666.6730000000002,-0.4848999999999983,215.45,9.0,0.0,0.0
162962930,SR-accumulated,CC1=C2OC(C)(C)c3cc4c(c(c32)C(=O)C1=O)[C@@](C)(O)C=CO4,1.0,5.0,312.32099999999997,2.5619000000000005,72.83000000000001,0.0,0.0,0.0
12303930,SR-accumulated,C[C@H]1O[C@@H](O[C@H]2CC[C@]3(C=O)[C@H]4CC[C@]5(C)[C@@H](C6=CC(=O)OC6)CC[C@]5(O)[C@@H]4CC[C@]3(O)C2)C[C@H](O)[C@H]1O,4.0,9.0,534.6460000000005,1.779199999999999,142.75,4.0,0.0,0.0
162969771,SR-accumulated,CC(C)(O[C@@H]1O[C@H](CO)[C@@H](O)[C@H](O)[C@H]1O)[C@@H]1CC[C@@](C)([C@@H]2CC[C@]3(CO[C@H]4O[C@@H](CO)[C@H](O)[C@@H](O)[C@@H]4O)[C@@H]2[C@H](O)C[C@@H]2[C@@]4(C)CC[C@H](O)C(C)(C)[C@@H]4CC[C@]23C)O1,10.0,15.0,817.0230000000001,0.33260000000000645,248.44999999999996,9.0,0.0,0.0
162961650,SR-accumulated,C[C@H]1O[C@@H](O[C@H]2C=C3CC[C@@H]4[C@H](CC[C@]5(C)[C@@H](C6=CC(=O)OC6)CC[C@@]45O)[C@@]3(C)CC2)C[C@@H](O)[C@@H]1O,3.0,7.0,502.64800000000037,3.4054000000000024,105.45000000000002,3.0,0.0,0.0
16093748,SR-accumulated,CC(=O)OC(C)(C)/C=C/C(=O)[C@](C)(O)[C@H]1[C@H](O)C[C@@]2(C)[C@@H]3CC=C4[C@@H](C[C@H](OS(=O)(=O)O)C(=O)C4(C)C)[C@]3(C)C(=O)C[C@]12C,3.0,10.0,638.7760000000001,3.3264000000000014,181.57,7.0,0.0,0.0
57006309,SR-accumulated,CC=CCC(O)CCC,1.0,1.0,128.21499999999997,2.1136,20.23,4.0,0.0,0.0
7146,SR-accumulated,CC(C=O)c1ccccc1,0.0,1.0,134.17799999999997,1.9889999999999999,17.07,2.0,0.0,0.0
444899,SR-accumulated,CCCCC/C=C\C/C=C\C/C=C\C/C=C\CCCC(=O)O,1.0,1.0,304.47400000000005,6.216700000000006,37.3,14.0,0.0,0.0
10416,SR-accumulated,CCCCCCCCC1=C(CCCCCCC(=O)O)C1,1.0,1.0,280.45199999999994,5.862500000000006,37.3,14.0,0.0,0.0
112720,SR-accumulated,CC(=O)OCCN,1.0,3.0,103.12100000000002,-0.49179999999999996,52.32,2.0,0.0,0.0
163189932,SR-accumulated,C=C(CCCCCCCC)C(=O)CCCCCCCC(=O)O,1.0,2.0,310.478,5.677600000000004,54.370000000000005,16.0,0.0,0.0
6734,SR-accumulated,c1cc2c3c(cccc3c1)CC2,0.0,0.0,154.21199999999993,2.9384000000000006,0.0,0.0,0.0,0.0
3084463,SR-accumulated,CCCCCCCCCCCCCCCC(=O)OC[C@@H](O)CO,2.0,4.0,330.509,4.364100000000005,66.76,17.0,0.0,0.0
5280934,SR-accumulated,CC/C=C\C/C=C\C/C=C\CCCCCCCC(=O)O,1.0,1.0,278.4359999999999,5.660500000000005,37.3,13.0,0.0,0.0
136085678,SR-accumulated,CC1=NCCc2c1[nH]c1ccc(O)cc21,2.0,2.0,200.241,2.2386,48.379999999999995,0.0,0.0,0.0
8215,SR-accumulated,CCCCCCCCCCCCCCCCCCCCCC(=O)O,1.0,1.0,340.59200000000004,7.892900000000008,37.3,20.0,0.0,0.0
9561835,SR-accumulated,CCCCCCCCC(O)CCCCCCCCC(=O)O,2.0,2.0,300.48299999999995,5.303300000000005,57.53,16.0,0.0,0.0
16441,SR-accumulated,C=C(C)C1CC=C(C=O)CC1,0.0,1.0,150.22099999999995,2.4879000000000007,17.07,2.0,0.0,0.0
14091,SR-accumulated,CCCc1ccccc1C,0.0,0.0,134.22199999999995,2.9475200000000017,0.0,2.0,0.0,0.0
134781708,SR-accumulated,CC(/C=C/C=C(\C)C1C=C2C(C)(C)C[C@H](O)C[C@@]2(C)O1)=C\C=C\C=C(C)\C=C\C=C(/C)C1C=C2C(C)(C)C[C@H](O)C[C@@]2(C)O1,2.0,4.0,600.8840000000001,8.969800000000003,58.92,8.0,0.0,0.0
15645217,SR-accumulated,CCc1c(C)ccc2ccccc12,0.0,0.0,170.25499999999997,3.7106200000000022,0.0,1.0,0.0,0.0
11060391,SH-accumulated,CC(C)(O)CC[C@H]1OC(C)(C)O[C@]1(C)[C@H]1CC[C@@]2(O)C3=CC(=O)[C@@H]4C[C@@H](O)[C@@H](O)C[C@]4(C)[C@H]3CC[C@]12C,4.0,7.0,520.7070000000003,3.652300000000003,116.45000000000002,4.0,0.0,0.0
338,SH-accumulated,O=C(O)c1ccccc1O,2.0,2.0,138.12199999999999,1.0903999999999998,57.53,1.0,0.0,0.0
439944,SH-accumulated,O=C(O)[C@@](O)(CO)[C@H](O)[C@H](O)CO,6.0,6.0,196.155,-3.4915,138.45000000000002,5.0,0.0,0.0
45273405,SH-accumulated,CC(C)=CC(=O)C[C@@H](C)[C@H]1CC[C@@]2(C)[C@@H]3CC[C@H]4[C@](C)(C(=O)O)[C@@H](O)C[C@H](O)[C@@]45C[C@@]35CC[C@]12C,3.0,4.0,486.6930000000003,5.383400000000007,94.83000000000001,5.0,0.0,0.0
12313704,SH-accumulated,CC1(C)CC[C@]2(C(=O)O)CC[C@]3(C)C(=CC[C@@H]4[C@@]5(C)CCC(=O)C(C)(C)[C@@H]5CC[C@]43C)[C@@H]2C1,1.0,2.0,454.69500000000033,7.441800000000009,54.37,1.0,0.0,0.0
5491693,SH-accumulated,O=c1c(O)c(-c2ccc(O[C@@H]3O[C@H](CO)[C@@H](O)[C@H](O)[C@H]3O)cc2)oc2cc(O)cc(O)c12,7.0,11.0,448.38000000000017,-0.2445000000000005,190.27999999999997,4.0,0.0,0.0
133551,SH-accumulated,C=C(C)[C@@H]1CC[C@]2(C(=O)O)CC[C@]3(C)[C@H](CC[C@@H]4[C@@]5(C)CC[C@H](OC(=O)C=Cc6ccc(O)c(O)c6)C(C)(C)[C@@H]5CC[C@]43C)[C@@H]12,3.0,5.0,618.855,8.765000000000006,104.06,5.0,0.0,0.0
25021697,SH-accumulated,O=C[C@H](O)[C@H](O)[C@H](O)[C@@H](O)C(=O)O,5.0,6.0,194.13899999999998,-3.2865000000000006,135.29,5.0,0.0,0.0
100967916,SH-accumulated,COc1cc(/C=C\C(=O)OC[C@@]23CC[C@@]4(C(=O)O)CCC(C)(C)C[C@H]4C2=CC[C@@H]2[C@@]4(C)CC[C@H](O)C(C)(C)[C@@H]4CC[C@]23C)ccc1O,3.0,6.0,648.8810000000002,8.184500000000009,113.29,6.0,0.0,0.0
90657201,SH-accumulated,COc1ccc(-c2oc3cc(O[C@@H]4O[C@H](CO)[C@@H](O)[C@H](O)[C@H]4O)cc(O)c3c(=O)c2O)cc1,6.0,11.0,462.40700000000015,0.058499999999999774,179.28,5.0,0.0,0.0
162999405,SH-accumulated,COc1cc(C2Oc3c(OC)cc(C(C)=O)cc3C2CO)ccc1OC1OC(CO)C(O)C(O)C1O,5.0,11.0,506.5040000000002,0.2946999999999996,164.37,8.0,0.0,0.0
10023166,SH-accumulated,C[C@H](O)/C=C/[C@@]12O[C@]1(C)C[C@@H](O[C@@H]1O[C@H](CO)[C@@H](O)[C@H](O)[C@H]1O)CC2(C)C,5.0,8.0,388.4570000000001,-0.5437999999999994,132.14000000000001,5.0,0.0,0.0
123908,SH-accumulated,O=C(O)CC(O)(C(=O)O)C(O)C(=O)O,5.0,5.0,208.122,-2.2777000000000007,152.35999999999999,5.0,0.0,0.0
10603919,SH-accumulated,CC1(C)CC[C@]2(CO)CC[C@]3(C)C(=CC[C@@H]4[C@@]5(C)CC[C@H](O)[C@@](C)(COC(=O)/C=C/c6ccc(O)c(O)c6)[C@@H]5CC[C@]43C)[C@@H]2C1,4.0,6.0,620.8710000000001,7.789200000000012,107.22,5.0,0.0,0.0
286498,SH-accumulated,CC1CCC2(C(=O)O)CCC3(C)C(=CCC4C5(C)CC(O)C(O)C(C)(C(=O)O)C5CCC43C)C2C1(C)O,5.0,5.0,518.6910000000004,4.239900000000004,135.29000000000002,2.0,0.0,0.0
5274626,SH-accumulated,CC1(C)CC[C@]2(C(=O)O)CC[C@]3(C(=O)/C=C/c4ccc(O)c(O)c4)C(=CCC4[C@@]5(C)CC[C@H](O)C(C)(C)C5CC[C@]43C)[C@@H]2C1,4.0,5.0,604.8280000000001,7.907400000000011,115.06,4.0,0.0,0.0
15767724,SH-accumulated,CC1(C)CC[C@]2(C(=O)O)CC[C@]3(COC(=O)/C=C/c4ccc(O)c(O)c4)C(=CC[C@@H]4[C@@]5(C)CC[C@H](O)C(C)(C)[C@@H]5CC[C@]43C)[C@@H]2C1,4.0,6.0,634.8539999999999,7.881500000000011,124.29,5.0,0.0,0.0
5281119,SH-accumulated,CCCC/C=C\CCCCCCCC(=O)O,1.0,1.0,226.35999999999993,4.548100000000003,37.3,11.0,0.0,0.0
163106470,SH-accumulated,O=C(O)[C@H]1O[C@@H](Oc2c(-c3ccc(O)c(O)c3)oc3c(O)c(O)cc(O)c3c2=O)[C@@H](O)[C@@H](O)[C@@H]1O,9.0,13.0,494.3610000000002,-0.7410000000000001,247.80999999999995,4.0,0.0,0.0
163189360,SH-accumulated,CC(C)C[C@H]1NC(=O)[C@H](NC(=O)[C@H](C(C)C)N(C)C)[C@H](c2ccccc2)Oc2ccc(cc2)/C=C\NC1=O,3.0,5.0,520.6740000000002,3.509100000000002,99.77000000000001,7.0,0.0,0.0
9930500,SH-accumulated,COC(=O)[C@@]1(O)CC(=O)O[C@@H]1C(=O)O,2.0,6.0,204.134,-1.7093999999999996,110.13000000000001,2.0,0.0,0.0
14887607,SH-accumulated,COc1ccc(-c2cc(=O)c3c(O)cc(O)c(O[C@@H]4O[C@H](C(=O)O)[C@@H](O)[C@H](O)[C@H]4O)c3o2)cc1O,7.0,12.0,492.3890000000002,-0.14359999999999995,216.58,5.0,0.0,0.0
5490334,SH-accumulated,O=C(O)[C@H]1O[C@@H](Oc2c(O)cc(O)c3c(=O)c(O)c(-c4ccc(O)c(O)c4)oc23)[C@H](O)[C@@H](O)[C@@H]1O,9.0,13.0,494.36100000000016,-0.7410000000000003,247.80999999999997,4.0,0.0,0.0
14055737,SH-accumulated,C[C@@H]1CC[C@]2(C(=O)O)CC[C@]3(C)C(=CC[C@@H]4[C@@]5(C)C[C@@H](O)[C@H](O)[C@](C)(CO)[C@@H]5CC[C@]43C)[C@@H]2[C@]1(C)O,5.0,5.0,504.7080000000003,4.147600000000004,118.22000000000001,2.0,0.0,0.0
73207,SH-accumulated,COc1c(OC)c(O)c2c(=O)cc(-c3ccc(O)cc3)oc2c1OC,2.0,7.0,344.3190000000001,2.8970000000000002,98.36,4.0,0.0,0.0
638014,SH-accumulated,CC(=O)/C=C/C1=C(C)CCCC1(C)C,0.0,1.0,192.30199999999996,3.6582000000000026,17.07,2.0,0.0,0.0
22236717,SH-accumulated,CCC(C)c1cccc(O)c1C(C)CC,1.0,1.0,206.32899999999995,4.419200000000004,20.23,4.0,0.0,0.0
15559735,SH-accumulated,O=c1c(O)c(-c2cc(O)c(O)c(O)c2)oc2c(O)c(O)cc(O)c12,7.0,9.0,334.23600000000005,1.3991999999999998,171.82,1.0,0.0,0.0
5487855,SH-accumulated,COc1ccc(-c2oc3cc(O)cc(O)c3c(=O)c2O)cc1OC,3.0,7.0,330.2920000000001,2.594000000000002,109.36000000000001,3.0,0.0,0.0
6436348,SH-accumulated,CC(C)=C1C/C=C(\C)CC/C=C(\C)CC1=O,0.0,1.0,218.33999999999995,4.358500000000004,17.07,0.0,0.0,0.0
5319474,SH-accumulated,COc1cc2ccc(=O)oc2c2c1OCO2,0.0,5.0,220.17999999999995,1.5303,57.900000000000006,1.0,0.0,0.0
163020497,SH-accumulated,O=c1c(O[C@@H]2O[C@H](CO)[C@@H](O)[C@@H](O)[C@H]2O)c(-c2cc(O)c(O)c(O)c2)oc2c(O)c(O)cc(O)c12,10.0,14.0,496.3770000000003,-1.1277,250.96999999999994,4.0,0.0,0.0
44178847,SH-accumulated,CO[C@H]1O[C@]2(C=C(C)C(=O)O2)C[C@@H]1[C@H]1CC[C@@]2(C)[C@@H]3CC[C@H]4C(C)(C)C(=O)C=C[C@@]45C[C@@]35CC[C@]12C,0.0,5.0,494.67200000000037,5.979000000000007,61.830000000000005,2.0,0.0,0.0
162887874,SH-accumulated,O=C1c2c(O)cc(O)cc2O[C@@H](c2ccc(O)c(O)c2)[C@H]1O[C@@H]1O[C@H]([C@H](O)CO)[C@H](O)[C@H]1O,8.0,12.0,466.3950000000001,-0.9895000000000007,206.6,5.0,0.0,0.0
65064,SH-accumulated,O=C(O[C@@H]1Cc2c(O)cc(O)cc2O[C@@H]1c1cc(O)c(O)c(O)c1)c1cc(O)c(O)c(O)c1,8.0,11.0,458.37500000000017,2.233199999999999,197.36999999999998,3.0,0.0,0.0
44566911,SH-accumulated,COC(=O)[C@H]1O[C@@H](Oc2c(O)cc(O)c3c(=O)cc(-c4ccc(O)cc4)oc23)[C@H](O)[C@@H](O)[C@@H]1O,6.0,12.0,476.39000000000016,-0.06380000000000058,196.35,4.0,0.0,0.0
73193,SH-accumulated,C[C@@H]1CC[C@]2(C(=O)O)CC[C@]3(C)C(=CC[C@@H]4[C@@]5(C)C[C@@H](O)[C@H](O)C(C)(C)[C@@H]5CC[C@]43C)[C@@H]2[C@]1(C)O,4.0,4.0,488.7090000000003,5.1752000000000065,97.99000000000001,1.0,0.0,0.0
5281702,SH-accumulated,COc1cc(-c2cc(=O)c3c(O)cc(O)cc3o2)cc(OC)c1O,3.0,7.0,330.2920000000001,2.5940000000000007,109.36000000000001,3.0,0.0,0.0
5281676,SH-accumulated,COc1cc(O)c2c(=O)c(OC)c(-c3cc(O)c(OC)cc3O)oc2c1,3.0,8.0,360.3180000000001,2.6026000000000007,118.59000000000002,4.0,0.0,0.0
44260032,SH-accumulated,O=c1c(OS(=O)(=O)O)c(-c2ccc(O)c(O)c2)oc2c(O)c(O)cc(O)c12,6.0,10.0,398.30100000000016,1.1696,194.95999999999998,3.0,0.0,0.0
1742210,SH-accumulated,C=C1CC[C@H]2O[C@]2(C)CC[C@@H]2[C@@H]1CC2(C)C,0.0,1.0,220.35599999999997,3.9364000000000035,12.53,0.0,0.0,0.0
1203,SH-accumulated,Oc1cc(O)c2c(c1)OC(c1ccc(O)c(O)c1)C(O)C2,5.0,6.0,290.271,1.5460999999999998,110.38000000000001,1.0,0.0,0.0
101607227,SH-accumulated,CC1=CC[C@]2(C(=O)O)CC[C@]3(C)C(=CC[C@@H]4[C@@]5(C)C[C@@H](O)[C@H](O)[C@](C)(C(=O)O)[C@@H]5CC[C@]43C)[C@@H]2[C@H]1C,4.0,4.0,500.6760000000003,5.045100000000004,115.06000000000002,2.0,0.0,0.0
162957786,SH-accumulated,CC1(C)CC[C@]23CO[C@@]4(C=C[C@@H]5[C@@]6(C)CC[C@H](O[C@@H]7O[C@H](CO)[C@H](O)[C@H](O)[C@H]7O)[C@@](C)(CO)[C@@H]6CC[C@@]5(C)[C@]4(C)C[C@@H]2O)[C@H]3C1,6.0,9.0,634.8510000000001,2.9251000000000005,149.07,4.0,0.0,0.0
19309,SH-accumulated,CC1=C(O)C(=O)C(C)O1,1.0,3.0,128.12699999999998,0.7637,46.53,0.0,0.0,0.0
62465,SH-accumulated,CCc1ccc(O)c(OC)c1,1.0,2.0,152.19299999999998,1.9632,29.46,2.0,0.0,0.0
24796850,SH-accumulated,CC1(C)CC2=C3C=C[C@@H]4[C@@](C)(CCC(=O)O)[C@H]([C@@](C)(O)CO)CC[C@@]4(C)[C@]3(C)[C@@H](O)C[C@@]2(C)[C@H](O)C1,5.0,5.0,504.70800000000037,4.457800000000004,118.22000000000001,5.0,0.0,0.0
101248984,SH-accumulated,C/C(=C/CC[C@](C)(O)[C@H]1[C@H](O)C[C@]2(C)[C@@H]1CC[C@@H]1[C@@]3(C)CC[C@H](O)C(C)(C)[C@@H]3[C@@H](O)C[C@]12C)CO,5.0,5.0,492.7410000000003,4.443800000000005,101.15,5.0,0.0,0.0
11167374,SH-accumulated,CC1(C)CCC2(C(=O)O)CCC3(CO)C(=CCC4C5(C)CCC(O)C(C)(C)C5CCC43C)C2C1,3.0,3.0,472.7100000000003,6.2060000000000075,77.76,2.0,0.0,0.0
2371,SH-accumulated,C=C(C)C1CCC2(C(=O)O)CCC3(C)C(CCC4C5(C)CCC(O)C(C)(C)C5CCC43C)C12,2.0,2.0,456.7110000000003,7.089500000000009,57.53,2.0,0.0,0.0
10494,SH-accumulated,CC1(C)CC[C@]2(C(=O)O)CC[C@]3(C)C(=CC[C@@H]4[C@@]5(C)CC[C@H](O)C(C)(C)[C@@H]5CC[C@]43C)[C@@H]2C1,2.0,2.0,456.7110000000003,7.233600000000009,57.53,1.0,0.0,0.0
107876,SH-accumulated,Oc1cc(O)c2c(c1)OC(c1ccc(O)c(O)c1)C(OC1(c3ccc(O)c(O)c3)Oc3cc(O)cc(O)c3C(O)C1O)C2,10.0,13.0,594.5250000000003,2.732700000000002,229.98999999999995,4.0,0.0,0.0
19844,SH-accumulated,COC(=O)c1ccc(O)c(OC)c1,1.0,4.0,182.17499999999998,1.1874,55.760000000000005,2.0,0.0,0.0
14707301,SH-accumulated,C=C(C)[C@@H]1CC[C@]2(C(=O)O)CC[C@]3(CO)[C@H](CC[C@@H]4[C@@]5(C)CC[C@H](O)C(C)(C)[C@@H]5CC[C@]43C)[C@@H]12,3.0,3.0,472.7100000000003,6.061900000000008,77.76,3.0,0.0,0.0
